"LHS","RHS","support","confidence","coverage","lift","count","cosine","Year","Data_Source","gene_combination"
"{aph(6)-Id}","{aph(3'')-Ib}",0.130081300813008,1,0.130081300813008,7.6875,16,1,2018,"Retail_Meats","{aph(3'')-Ib,aph(6)-Id}"
"{aph(6)-Id,glpT_E448K}","{aph(3'')-Ib}",0.121951219512195,1,0.121951219512195,7.6875,15,0.968245836551854,2018,"Retail_Meats","{aph(3'')-Ib,aph(6)-Id,glpT_E448K}"
"{aph(6)-Id}","{glpT_E448K}",0.121951219512195,0.9375,0.130081300813008,0.952995867768595,15,0.340909090909091,2018,"Retail_Meats","{aph(6)-Id,glpT_E448K}"
"{aph(3'')-Ib}","{glpT_E448K}",0.121951219512195,0.9375,0.130081300813008,0.952995867768595,15,0.340909090909091,2018,"Retail_Meats","{aph(3'')-Ib,glpT_E448K}"
"{tet(B)}","{glpT_E448K}",0.105691056910569,0.866666666666667,0.121951219512195,0.88099173553719,13,0.305144142428463,2018,"Retail_Meats","{glpT_E448K,tet(B)}"
"{uhpT_E350Q}","{glpT_E448K}",0.0975609756097561,1,0.0975609756097561,1.01652892561983,12,0.314918328648887,2018,"Retail_Meats","{glpT_E448K,uhpT_E350Q}"
"{tet(A)}","{glpT_E448K}",0.0903790087463557,0.815789473684211,0.110787172011662,0.835271013354281,31,0.274756194145872,2021,"Retail_Meats","{glpT_E448K,tet(A)}"
"{aph(6)-Id,glpT_E448K}","{sul2}",0.0894308943089431,0.733333333333333,0.121951219512195,8.2,11,0.856348838577675,2018,"Retail_Meats","{aph(6)-Id,glpT_E448K,sul2}"
"{aph(3'')-Ib,glpT_E448K}","{sul2}",0.0894308943089431,0.733333333333333,0.121951219512195,8.2,11,0.856348838577675,2018,"Retail_Meats","{aph(3'')-Ib,glpT_E448K,sul2}"
"{aph(3'')-Ib,aph(6)-Id,glpT_E448K}","{sul2}",0.0894308943089431,0.733333333333333,0.121951219512195,8.2,11,0.856348838577675,2018,"Retail_Meats","{aph(3'')-Ib,aph(6)-Id,glpT_E448K,sul2}"
"{sul2}","{aph(6)-Id}",0.0894308943089431,1,0.0894308943089431,7.6875,11,0.82915619758885,2018,"Retail_Meats","{aph(6)-Id,sul2}"
"{sul2}","{aph(3'')-Ib}",0.0894308943089431,1,0.0894308943089431,7.6875,11,0.82915619758885,2018,"Retail_Meats","{aph(3'')-Ib,sul2}"
"{aph(6)-Id,sul2}","{aph(3'')-Ib}",0.0894308943089431,1,0.0894308943089431,7.6875,11,0.82915619758885,2018,"Retail_Meats","{aph(3'')-Ib,aph(6)-Id,sul2}"
"{sul2}","{glpT_E448K}",0.0894308943089431,1,0.0894308943089431,1.01652892561983,11,0.301511344577764,2018,"Retail_Meats","{glpT_E448K,sul2}"
"{aph(6)-Id}","{tet(A)}",0.0699708454810496,0.727272727272727,0.0962099125364431,6.56459330143541,24,0.677738993669886,2021,"Retail_Meats","{aph(6)-Id,tet(A)}"
"{aph(3'')-Ib}","{tet(A)}",0.0699708454810496,0.727272727272727,0.0962099125364431,6.56459330143541,24,0.677738993669886,2021,"Retail_Meats","{aph(3'')-Ib,tet(A)}"
"{aph(6)-Id,tet(A)}","{aph(3'')-Ib}",0.0670553935860058,0.958333333333333,0.0699708454810496,9.96085858585859,23,0.817269412696507,2021,"Retail_Meats","{aph(3'')-Ib,aph(6)-Id,tet(A)}"
"{aph(6)-Id,tet(B)}","{aph(3'')-Ib}",0.0650406504065041,1,0.0650406504065041,7.6875,8,0.707106781186547,2018,"Retail_Meats","{aph(3'')-Ib,aph(6)-Id,tet(B)}"
"{tet(B)}","{aph(6)-Id}",0.0650406504065041,0.533333333333333,0.121951219512195,4.1,8,0.516397779494322,2018,"Retail_Meats","{aph(6)-Id,tet(B)}"
"{tet(B)}","{aph(3'')-Ib}",0.0650406504065041,0.533333333333333,0.121951219512195,4.1,8,0.516397779494322,2018,"Retail_Meats","{aph(3'')-Ib,tet(B)}"
"{aadA1}","{glpT_E448K}",0.0650406504065041,1,0.0650406504065041,1.01652892561983,8,0.25712973861329,2018,"Retail_Meats","{aadA1,glpT_E448K}"
"{glpT_E448K,tet(A)}","{aph(3'')-Ib}",0.0641399416909621,0.709677419354839,0.0903790087463557,7.37634408602151,22,0.687835939428795,2021,"Retail_Meats","{aph(3'')-Ib,glpT_E448K,tet(A)}"
"{sul2}","{tet(A)}",0.0641399416909621,0.6875,0.0932944606413994,6.20559210526316,22,0.630893268144045,2021,"Retail_Meats","{sul2,tet(A)}"
"{aph(6)-Id,glpT_E448K,tet(A)}","{aph(3'')-Ib}",0.0612244897959184,1,0.0612244897959184,10.3939393939394,21,0.797724035217466,2021,"Retail_Meats","{aph(3'')-Ib,aph(6)-Id,glpT_E448K,tet(A)}"
"{sul2,tet(A)}","{aph(3'')-Ib}",0.0612244897959184,0.954545454545455,0.0641399416909621,9.92148760330579,21,0.779383099976466,2021,"Retail_Meats","{aph(3'')-Ib,sul2,tet(A)}"
"{glpT_E448K,tet(A)}","{aph(6)-Id}",0.0612244897959184,0.67741935483871,0.0903790087463557,7.04105571847507,21,0.656570669454759,2021,"Retail_Meats","{aph(6)-Id,glpT_E448K,tet(A)}"
"{tet(C)}","{glpT_E448K}",0.0590405904059041,0.941176470588235,0.0627306273062731,0.962486126526082,16,0.238381520188943,2019,"Retail_Meats","{glpT_E448K,tet(C)}"
"{aph(6)-Id,sul2,tet(A)}","{aph(3'')-Ib}",0.0583090379008746,1,0.0583090379008746,10.3939393939394,20,0.778498944161523,2021,"Retail_Meats","{aph(3'')-Ib,aph(6)-Id,sul2,tet(A)}"
"{glpT_E448K,sul2,tet(A)}","{aph(3'')-Ib}",0.0583090379008746,1,0.0583090379008746,10.3939393939394,20,0.778498944161523,2021,"Retail_Meats","{aph(3'')-Ib,glpT_E448K,sul2,tet(A)}"
"{sul2,tet(A)}","{aph(6)-Id}",0.0583090379008746,0.909090909090909,0.0641399416909621,9.44903581267218,20,0.742269619025205,2021,"Retail_Meats","{aph(6)-Id,sul2,tet(A)}"
"{glpT_E448K,tet(A)}","{sul2}",0.0583090379008746,0.645161290322581,0.0903790087463557,6.91532258064516,20,0.635000635000952,2021,"Retail_Meats","{glpT_E448K,sul2,tet(A)}"
"{sat2}","{glpT_E448K}",0.0583090379008746,1,0.0583090379008746,1.02388059701493,20,0.24433888871261,2021,"Retail_Meats","{glpT_E448K,sat2}"
"{sat2}","{aadA1}",0.0569105691056911,1,0.0569105691056911,15.375,7,0.935414346693485,2018,"Retail_Meats","{aadA1,sat2}"
"{glpT_E448K,sat2}","{aadA1}",0.0569105691056911,1,0.0569105691056911,15.375,7,0.935414346693485,2018,"Retail_Meats","{aadA1,glpT_E448K,sat2}"
"{aph(6)-Id,glpT_E448K,tet(B)}","{aph(3'')-Ib}",0.0569105691056911,1,0.0569105691056911,7.6875,7,0.661437827766148,2018,"Retail_Meats","{aph(3'')-Ib,aph(6)-Id,glpT_E448K,tet(B)}"
"{glpT_E448K,tet(B)}","{aph(6)-Id}",0.0569105691056911,0.538461538461538,0.105691056910569,4.13942307692308,7,0.485362671697076,2018,"Retail_Meats","{aph(6)-Id,glpT_E448K,tet(B)}"
"{glpT_E448K,tet(B)}","{aph(3'')-Ib}",0.0569105691056911,0.538461538461538,0.105691056910569,4.13942307692308,7,0.485362671697076,2018,"Retail_Meats","{aph(3'')-Ib,glpT_E448K,tet(B)}"
"{aph(6)-Id,glpT_E448K,sul2,tet(A)}","{aph(3'')-Ib}",0.0553935860058309,1,0.0553935860058309,10.3939393939394,19,0.758786910639328,2021,"Retail_Meats","{aph(3'')-Ib,aph(6)-Id,glpT_E448K,sul2,tet(A)}"
"{glpT_E448K,sul2,tet(A)}","{aph(6)-Id}",0.0553935860058309,0.95,0.0583090379008746,9.87424242424242,19,0.739573996953447,2021,"Retail_Meats","{aph(6)-Id,glpT_E448K,sul2,tet(A)}"
"{blaTEM-1}","{glpT_E448K}",0.0492957746478873,0.875,0.0563380281690141,0.934210526315789,7,0.214598768819738,2017,"Retail_Meats","{blaTEM-1,glpT_E448K}"
"{aph(6)-Id,glpT_E448K,tet(B)}","{sul2}",0.0487804878048781,0.857142857142857,0.0569105691056911,9.58441558441558,6,0.683763458757828,2018,"Retail_Meats","{aph(6)-Id,glpT_E448K,sul2,tet(B)}"
"{aph(3'')-Ib,glpT_E448K,tet(B)}","{sul2}",0.0487804878048781,0.857142857142857,0.0569105691056911,9.58441558441558,6,0.683763458757828,2018,"Retail_Meats","{aph(3'')-Ib,glpT_E448K,sul2,tet(B)}"
"{aph(3'')-Ib,aph(6)-Id,glpT_E448K,tet(B)}","{sul2}",0.0487804878048781,0.857142857142857,0.0569105691056911,9.58441558441558,6,0.683763458757828,2018,"Retail_Meats","{aph(3'')-Ib,aph(6)-Id,glpT_E448K,sul2,tet(B)}"
"{aph(6)-Id,tet(B)}","{sul2}",0.0487804878048781,0.75,0.0650406504065041,8.38636363636364,6,0.639602149066831,2018,"Retail_Meats","{aph(6)-Id,sul2,tet(B)}"
"{aph(3'')-Ib,tet(B)}","{sul2}",0.0487804878048781,0.75,0.0650406504065041,8.38636363636364,6,0.639602149066831,2018,"Retail_Meats","{aph(3'')-Ib,sul2,tet(B)}"
"{aph(3'')-Ib,aph(6)-Id,tet(B)}","{sul2}",0.0487804878048781,0.75,0.0650406504065041,8.38636363636364,6,0.639602149066831,2018,"Retail_Meats","{aph(3'')-Ib,aph(6)-Id,sul2,tet(B)}"
"{glpT_E448K,tet(B)}","{sul2}",0.0487804878048781,0.461538461538462,0.105691056910569,5.16083916083916,6,0.501745206004254,2018,"Retail_Meats","{glpT_E448K,sul2,tet(B)}"
"{sul2}","{tet(B)}",0.0487804878048781,0.545454545454545,0.0894308943089431,4.47272727272727,6,0.467099366496914,2018,"Retail_Meats","{sul2,tet(B)}"
"{cyaA_S352T}","{glpT_E448K}",0.0487804878048781,1,0.0487804878048781,1.01652892561983,6,0.222680885707562,2018,"Retail_Meats","{cyaA_S352T,glpT_E448K}"
"{aph(3'')-Ib,aph(6)-Id}","{floR}",0.0466472303206997,0.5,0.0932944606413994,10.71875,16,0.707106781186547,2021,"Retail_Meats","{aph(3'')-Ib,aph(6)-Id,floR}"
"{floR}","{aph(6)-Id}",0.0466472303206997,1,0.0466472303206997,10.3939393939394,16,0.696310623822791,2021,"Retail_Meats","{aph(6)-Id,floR}"
"{floR}","{aph(3'')-Ib}",0.0466472303206997,1,0.0466472303206997,10.3939393939394,16,0.696310623822791,2021,"Retail_Meats","{aph(3'')-Ib,floR}"
"{aph(3'')-Ib,aph(6)-Id,tet(A)}","{floR}",0.043731778425656,0.652173913043478,0.0670553935860058,13.9809782608696,15,0.78192905271403,2021,"Retail_Meats","{aph(3'')-Ib,aph(6)-Id,floR,tet(A)}"
"{aph(6)-Id,tet(A)}","{floR}",0.043731778425656,0.625,0.0699708454810496,13.3984375,15,0.765465544619743,2021,"Retail_Meats","{aph(6)-Id,floR,tet(A)}"
"{aph(3'')-Ib,tet(A)}","{floR}",0.043731778425656,0.625,0.0699708454810496,13.3984375,15,0.765465544619743,2021,"Retail_Meats","{aph(3'')-Ib,floR,tet(A)}"
"{aph(6)-Id,sul2}","{floR}",0.043731778425656,0.555555555555556,0.0787172011661808,11.9097222222222,15,0.721687836487032,2021,"Retail_Meats","{aph(6)-Id,floR,sul2}"
"{aph(3'')-Ib,aph(6)-Id,sul2}","{floR}",0.043731778425656,0.555555555555556,0.0787172011661808,11.9097222222222,15,0.721687836487032,2021,"Retail_Meats","{aph(3'')-Ib,aph(6)-Id,floR,sul2}"
"{aph(3'')-Ib,sul2}","{floR}",0.043731778425656,0.535714285714286,0.0816326530612245,11.484375,15,0.708683386892301,2021,"Retail_Meats","{aph(3'')-Ib,floR,sul2}"
"{floR}","{sul2}",0.043731778425656,0.9375,0.0466472303206997,10.048828125,15,0.662912607362388,2021,"Retail_Meats","{floR,sul2}"
"{floR}","{tet(A)}",0.043731778425656,0.9375,0.0466472303206997,8.46217105263158,15,0.60833032924036,2021,"Retail_Meats","{floR,tet(A)}"
"{glpT_E448K,tet(A)}","{blaTEM-1}",0.0422535211267606,0.666666666666667,0.0633802816901408,11.8333333333333,6,0.707106781186548,2017,"Retail_Meats","{blaTEM-1,glpT_E448K,tet(A)}"
"{blaTEM-1}","{tet(A)}",0.0422535211267606,0.75,0.0563380281690141,8.875,6,0.612372435695795,2017,"Retail_Meats","{blaTEM-1,tet(A)}"
"{aph(6)-Id,sul2,tet(A)}","{floR}",0.0408163265306122,0.7,0.0583090379008746,15.00625,14,0.782623792124926,2021,"Retail_Meats","{aph(6)-Id,floR,sul2,tet(A)}"
"{aph(3'')-Ib,aph(6)-Id,sul2,tet(A)}","{floR}",0.0408163265306122,0.7,0.0583090379008746,15.00625,14,0.782623792124926,2021,"Retail_Meats","{aph(3'')-Ib,aph(6)-Id,floR,sul2,tet(A)}"
"{aph(3'')-Ib,sul2,tet(A)}","{floR}",0.0408163265306122,0.666666666666667,0.0612244897959184,14.2916666666667,14,0.763762615825973,2021,"Retail_Meats","{aph(3'')-Ib,floR,sul2,tet(A)}"
"{sul2,tet(A)}","{floR}",0.0408163265306122,0.636363636363636,0.0641399416909621,13.6420454545455,14,0.746202507244636,2021,"Retail_Meats","{floR,sul2,tet(A)}"
"{aph(6)-Id,glpT_E448K,sul2}","{floR}",0.0408163265306122,0.538461538461538,0.075801749271137,11.5432692307692,14,0.686406472983644,2021,"Retail_Meats","{aph(6)-Id,floR,glpT_E448K,sul2}"
"{aph(3'')-Ib,aph(6)-Id,glpT_E448K,sul2}","{floR}",0.0408163265306122,0.538461538461538,0.075801749271137,11.5432692307692,14,0.686406472983644,2021,"Retail_Meats","{aph(3'')-Ib,aph(6)-Id,floR,glpT_E448K,sul2}"
"{aph(3'')-Ib,glpT_E448K,sul2}","{floR}",0.0408163265306122,0.518518518518518,0.0787172011661808,11.1157407407407,14,0.673575314054563,2021,"Retail_Meats","{aph(3'')-Ib,floR,glpT_E448K,sul2}"
"{floR,glpT_E448K}","{sul2}",0.0408163265306122,1,0.0408163265306122,10.71875,14,0.661437827766148,2021,"Retail_Meats","{floR,glpT_E448K,sul2}"
"{floR,glpT_E448K}","{aph(6)-Id}",0.0408163265306122,1,0.0408163265306122,10.3939393939394,14,0.65133894727893,2021,"Retail_Meats","{aph(6)-Id,floR,glpT_E448K}"
"{floR,glpT_E448K}","{aph(3'')-Ib}",0.0408163265306122,1,0.0408163265306122,10.3939393939394,14,0.65133894727893,2021,"Retail_Meats","{aph(3'')-Ib,floR,glpT_E448K}"
"{aph(6)-Id,floR,glpT_E448K}","{aph(3'')-Ib}",0.0408163265306122,1,0.0408163265306122,10.3939393939394,14,0.65133894727893,2021,"Retail_Meats","{aph(3'')-Ib,aph(6)-Id,floR,glpT_E448K}"
"{floR}","{glpT_E448K}",0.0408163265306122,0.875,0.0466472303206997,0.89589552238806,14,0.191225427647854,2021,"Retail_Meats","{floR,glpT_E448K}"
"{aph(6)-Id,glpT_E448K,sul2,tet(A)}","{floR}",0.0379008746355685,0.684210526315789,0.0553935860058309,14.6677631578947,13,0.745601135079326,2021,"Retail_Meats","{aph(6)-Id,floR,glpT_E448K,sul2,tet(A)}"
"{aph(3'')-Ib,aph(6)-Id,glpT_E448K,sul2,tet(A)}","{floR}",0.0379008746355685,0.684210526315789,0.0553935860058309,14.6677631578947,13,0.745601135079326,2021,"Retail_Meats","{aph(3'')-Ib,aph(6)-Id,floR,glpT_E448K,sul2,tet(A)}"
"{glpT_E448K,sul2,tet(A)}","{floR}",0.0379008746355685,0.65,0.0583090379008746,13.934375,13,0.726722092687432,2021,"Retail_Meats","{floR,glpT_E448K,sul2,tet(A)}"
"{aph(3'')-Ib,glpT_E448K,sul2,tet(A)}","{floR}",0.0379008746355685,0.65,0.0583090379008746,13.934375,13,0.726722092687432,2021,"Retail_Meats","{aph(3'')-Ib,floR,glpT_E448K,sul2,tet(A)}"
"{aph(6)-Id,glpT_E448K,tet(A)}","{floR}",0.0379008746355685,0.619047619047619,0.0612244897959184,13.2708333333333,13,0.709208143266975,2021,"Retail_Meats","{aph(6)-Id,floR,glpT_E448K,tet(A)}"
"{aph(3'')-Ib,aph(6)-Id,glpT_E448K,tet(A)}","{floR}",0.0379008746355685,0.619047619047619,0.0612244897959184,13.2708333333333,13,0.709208143266975,2021,"Retail_Meats","{aph(3'')-Ib,aph(6)-Id,floR,glpT_E448K,tet(A)}"
"{aph(3'')-Ib,glpT_E448K,tet(A)}","{floR}",0.0379008746355685,0.590909090909091,0.0641399416909621,12.6676136363636,13,0.692902328155734,2021,"Retail_Meats","{aph(3'')-Ib,floR,glpT_E448K,tet(A)}"
"{glpT_E448K,tet(A)}","{floR}",0.0379008746355685,0.419354838709677,0.0903790087463557,8.98991935483871,13,0.583717231587018,2021,"Retail_Meats","{floR,glpT_E448K,tet(A)}"
"{aph(3'')-Ib,aph(6)-Id,tet(A)}","{blaTEM-1}",0.0349854227405248,0.521739130434783,0.0670553935860058,13.7658862876254,12,0.693977918359488,2021,"Retail_Meats","{aph(3'')-Ib,aph(6)-Id,blaTEM-1,tet(A)}"
"{aph(6)-Id,tet(A)}","{blaTEM-1}",0.0349854227405248,0.5,0.0699708454810496,13.1923076923077,12,0.679366220486757,2021,"Retail_Meats","{aph(6)-Id,blaTEM-1,tet(A)}"
"{aph(3'')-Ib,tet(A)}","{blaTEM-1}",0.0349854227405248,0.5,0.0699708454810496,13.1923076923077,12,0.679366220486757,2021,"Retail_Meats","{aph(3'')-Ib,blaTEM-1,tet(A)}"
"{aph(6)-Id,blaTEM-1}","{aph(3'')-Ib}",0.0349854227405248,1,0.0349854227405248,10.3939393939394,12,0.603022689155527,2021,"Retail_Meats","{aph(3'')-Ib,aph(6)-Id,blaTEM-1}"
"{blaTEM-1}","{aph(6)-Id}",0.0349854227405248,0.923076923076923,0.0379008746355685,9.5944055944056,12,0.579365459502321,2021,"Retail_Meats","{aph(6)-Id,blaTEM-1}"
"{blaTEM-1}","{aph(3'')-Ib}",0.0349854227405248,0.923076923076923,0.0379008746355685,9.5944055944056,12,0.579365459502321,2021,"Retail_Meats","{aph(3'')-Ib,blaTEM-1}"
"{fosA7.5}","{glpT_E448K}",0.0349854227405248,1,0.0349854227405248,1.02388059701493,12,0.189264089362954,2021,"Retail_Meats","{fosA7.5,glpT_E448K}"
"{cyaA_S352T}","{uhpT_E350Q}",0.032520325203252,0.666666666666667,0.0487804878048781,6.83333333333333,4,0.471404520791032,2018,"Retail_Meats","{cyaA_S352T,uhpT_E350Q}"
"{cyaA_S352T,glpT_E448K}","{uhpT_E350Q}",0.032520325203252,0.666666666666667,0.0487804878048781,6.83333333333333,4,0.471404520791032,2018,"Retail_Meats","{cyaA_S352T,glpT_E448K,uhpT_E350Q}"
"{sul1}","{glpT_E448K}",0.032520325203252,1,0.032520325203252,1.01652892561983,4,0.181818181818182,2018,"Retail_Meats","{glpT_E448K,sul1}"
"{aph(6)-Id,glpT_E448K,sul2,tet(A)}","{blaTEM-1}",0.032069970845481,0.578947368421053,0.0553935860058309,15.2753036437247,11,0.699913239273355,2021,"Retail_Meats","{aph(6)-Id,blaTEM-1,glpT_E448K,sul2,tet(A)}"
"{aph(3'')-Ib,aph(6)-Id,glpT_E448K,sul2,tet(A)}","{blaTEM-1}",0.032069970845481,0.578947368421053,0.0553935860058309,15.2753036437247,11,0.699913239273355,2021,"Retail_Meats","{aph(3'')-Ib,aph(6)-Id,blaTEM-1,glpT_E448K,sul2,tet(A)}"
"{aph(6)-Id,sul2,tet(A)}","{blaTEM-1}",0.032069970845481,0.55,0.0583090379008746,14.5115384615385,11,0.682191040240647,2021,"Retail_Meats","{aph(6)-Id,blaTEM-1,sul2,tet(A)}"
"{glpT_E448K,sul2,tet(A)}","{blaTEM-1}",0.032069970845481,0.55,0.0583090379008746,14.5115384615385,11,0.682191040240647,2021,"Retail_Meats","{blaTEM-1,glpT_E448K,sul2,tet(A)}"
"{aph(3'')-Ib,aph(6)-Id,sul2,tet(A)}","{blaTEM-1}",0.032069970845481,0.55,0.0583090379008746,14.5115384615385,11,0.682191040240647,2021,"Retail_Meats","{aph(3'')-Ib,aph(6)-Id,blaTEM-1,sul2,tet(A)}"
"{aph(3'')-Ib,glpT_E448K,sul2,tet(A)}","{blaTEM-1}",0.032069970845481,0.55,0.0583090379008746,14.5115384615385,11,0.682191040240647,2021,"Retail_Meats","{aph(3'')-Ib,blaTEM-1,glpT_E448K,sul2,tet(A)}"
"{aph(3'')-Ib,sul2,tet(A)}","{blaTEM-1}",0.032069970845481,0.523809523809524,0.0612244897959184,13.8205128205128,11,0.665750285935683,2021,"Retail_Meats","{aph(3'')-Ib,blaTEM-1,sul2,tet(A)}"
"{aph(6)-Id,glpT_E448K,tet(A)}","{blaTEM-1}",0.032069970845481,0.523809523809524,0.0612244897959184,13.8205128205128,11,0.665750285935683,2021,"Retail_Meats","{aph(6)-Id,blaTEM-1,glpT_E448K,tet(A)}"
"{aph(3'')-Ib,aph(6)-Id,glpT_E448K,tet(A)}","{blaTEM-1}",0.032069970845481,0.523809523809524,0.0612244897959184,13.8205128205128,11,0.665750285935683,2021,"Retail_Meats","{aph(3'')-Ib,aph(6)-Id,blaTEM-1,glpT_E448K,tet(A)}"
"{sul2,tet(A)}","{blaTEM-1}",0.032069970845481,0.5,0.0641399416909621,13.1923076923077,11,0.650443635587991,2021,"Retail_Meats","{blaTEM-1,sul2,tet(A)}"
"{aph(3'')-Ib,glpT_E448K,tet(A)}","{blaTEM-1}",0.032069970845481,0.5,0.0641399416909621,13.1923076923077,11,0.650443635587991,2021,"Retail_Meats","{aph(3'')-Ib,blaTEM-1,glpT_E448K,tet(A)}"
"{aph(6)-Id,glpT_E448K,sul2}","{blaTEM-1}",0.032069970845481,0.423076923076923,0.075801749271137,11.1627218934911,11,0.598321122542463,2021,"Retail_Meats","{aph(6)-Id,blaTEM-1,glpT_E448K,sul2}"
"{aph(3'')-Ib,aph(6)-Id,glpT_E448K,sul2}","{blaTEM-1}",0.032069970845481,0.423076923076923,0.075801749271137,11.1627218934911,11,0.598321122542463,2021,"Retail_Meats","{aph(3'')-Ib,aph(6)-Id,blaTEM-1,glpT_E448K,sul2}"
"{aph(6)-Id,sul2}","{blaTEM-1}",0.032069970845481,0.407407407407407,0.0787172011661808,10.7492877492877,11,0.587136563951986,2021,"Retail_Meats","{aph(6)-Id,blaTEM-1,sul2}"
"{aph(3'')-Ib,aph(6)-Id,sul2}","{blaTEM-1}",0.032069970845481,0.407407407407407,0.0787172011661808,10.7492877492877,11,0.587136563951986,2021,"Retail_Meats","{aph(3'')-Ib,aph(6)-Id,blaTEM-1,sul2}"
"{aph(3'')-Ib,glpT_E448K,sul2}","{blaTEM-1}",0.032069970845481,0.407407407407407,0.0787172011661808,10.7492877492877,11,0.587136563951986,2021,"Retail_Meats","{aph(3'')-Ib,blaTEM-1,glpT_E448K,sul2}"
"{blaTEM-1,sul2}","{aph(3'')-Ib}",0.032069970845481,1,0.032069970845481,10.3939393939394,11,0.577350269189626,2021,"Retail_Meats","{aph(3'')-Ib,blaTEM-1,sul2}"
"{aph(6)-Id,blaTEM-1,glpT_E448K}","{aph(3'')-Ib}",0.032069970845481,1,0.032069970845481,10.3939393939394,11,0.577350269189626,2021,"Retail_Meats","{aph(3'')-Ib,aph(6)-Id,blaTEM-1,glpT_E448K}"
"{glpT_E448K,sul2}","{blaTEM-1}",0.032069970845481,0.379310344827586,0.0845481049562682,10.0079575596817,11,0.566528822887065,2021,"Retail_Meats","{blaTEM-1,glpT_E448K,sul2}"
"{aph(6)-Id,glpT_E448K}","{blaTEM-1}",0.032069970845481,0.366666666666667,0.087463556851312,9.67435897435897,11,0.557006651896017,2021,"Retail_Meats","{aph(6)-Id,blaTEM-1,glpT_E448K}"
"{blaTEM-1,glpT_E448K}","{aph(3'')-Ib}",0.032069970845481,0.916666666666667,0.0349854227405248,9.52777777777778,11,0.552770798392567,2021,"Retail_Meats","{aph(3'')-Ib,blaTEM-1,glpT_E448K}"
"{blaTEM-1}","{sul2}",0.032069970845481,0.846153846153846,0.0379008746355685,9.06971153846154,11,0.539319371630006,2021,"Retail_Meats","{blaTEM-1,sul2}"
"{blaTEM-1}","{tet(B)}",0.024390243902439,0.75,0.032520325203252,6.15,3,0.387298334620742,2018,"Retail_Meats","{blaTEM-1,tet(B)}"
"{glpT_E448K,tet(B)}","{uhpT_E350Q}",0.024390243902439,0.230769230769231,0.105691056910569,2.36538461538462,3,0.240192230707631,2018,"Retail_Meats","{glpT_E448K,tet(B),uhpT_E350Q}"
"{uhpT_E350Q}","{tet(B)}",0.024390243902439,0.25,0.0975609756097561,2.05,3,0.223606797749979,2018,"Retail_Meats","{tet(B),uhpT_E350Q}"
"{aph(6)-Id}","{aph(3'')-Ib}",0.793103448275862,1,0.793103448275862,1.24285714285714,69,0.992831448793946,2017,"Cecal","{aph(3'')-Ib,aph(6)-Id}"
"{sul2}","{aph(3'')-Ib}",0.758620689655172,1,0.758620689655172,1.24285714285714,66,0.971008312455224,2017,"Cecal","{aph(3'')-Ib,sul2}"
"{aph(6)-Id,sul2}","{aph(3'')-Ib}",0.747126436781609,1,0.747126436781609,1.24285714285714,65,0.963624111659432,2017,"Cecal","{aph(3'')-Ib,aph(6)-Id,sul2}"
"{sul2}","{aph(6)-Id}",0.747126436781609,0.984848484848485,0.758620689655172,1.24176548089592,65,0.963200819694505,2017,"Cecal","{aph(6)-Id,sul2}"
"{aph(3'')-Ib}","{glpT_E448K}",0.747126436781609,0.928571428571429,0.804597701149425,0.985191637630662,65,0.857940975691239,2017,"Cecal","{aph(3'')-Ib,glpT_E448K}"
"{aph(6)-Id,glpT_E448K}","{aph(3'')-Ib}",0.735632183908046,1,0.735632183908046,1.24285714285714,64,0.956182887467515,2017,"Cecal","{aph(3'')-Ib,aph(6)-Id,glpT_E448K}"
"{aph(6)-Id}","{glpT_E448K}",0.735632183908046,0.927536231884058,0.793103448275862,0.984093319194062,64,0.850841182341361,2017,"Cecal","{aph(6)-Id,glpT_E448K}"
"{aph(3'')-Ib,glpT_E448K}","{sul2}",0.724137931034483,0.969230769230769,0.747126436781609,1.27762237762238,63,0.961860086070123,2017,"Cecal","{aph(3'')-Ib,glpT_E448K,sul2}"
"{sul2}","{glpT_E448K}",0.724137931034483,0.954545454545455,0.758620689655172,1.01274944567627,63,0.856370415327583,2017,"Cecal","{glpT_E448K,sul2}"
"{aph(6)-Id,glpT_E448K}","{sul2}",0.71264367816092,0.96875,0.735632183908046,1.27698863636364,62,0.953959055089829,2017,"Cecal","{aph(6)-Id,glpT_E448K,sul2}"
"{aph(3'')-Ib,aph(6)-Id,glpT_E448K}","{sul2}",0.71264367816092,0.96875,0.735632183908046,1.27698863636364,62,0.953959055089829,2017,"Cecal","{aph(3'')-Ib,aph(6)-Id,glpT_E448K,sul2}"
"{tet(B)}","{glpT_E448K}",0.459770114942529,0.952380952380952,0.482758620689655,1.01045296167247,40,0.681598176590997,2017,"Cecal","{glpT_E448K,tet(B)}"
"{aph(3'')-Ib,tet(B)}","{aph(6)-Id}",0.448275862068966,1,0.448275862068966,1.26086956521739,39,0.751809411556112,2017,"Cecal","{aph(3'')-Ib,aph(6)-Id,tet(B)}"
"{tet(B)}","{aph(6)-Id}",0.448275862068966,0.928571428571429,0.482758620689655,1.17080745341615,39,0.724461676347959,2017,"Cecal","{aph(6)-Id,tet(B)}"
"{tet(B)}","{aph(3'')-Ib}",0.448275862068966,0.928571428571429,0.482758620689655,1.15408163265306,39,0.719268335724235,2017,"Cecal","{aph(3'')-Ib,tet(B)}"
"{tet(A)}","{glpT_E448K}",0.448275862068966,0.951219512195122,0.471264367816092,1.00922070196312,39,0.672613767470131,2017,"Cecal","{glpT_E448K,tet(A)}"
"{aph(3'')-Ib,glpT_E448K,tet(B)}","{aph(6)-Id}",0.425287356321839,1,0.425287356321839,1.26086956521739,37,0.732278556328103,2017,"Cecal","{aph(3'')-Ib,aph(6)-Id,glpT_E448K,tet(B)}"
"{aph(6)-Id,glpT_E448K}","{tet(B)}",0.425287356321839,0.578125,0.735632183908046,1.19754464285714,37,0.713652993574675,2017,"Cecal","{aph(6)-Id,glpT_E448K,tet(B)}"
"{aph(3'')-Ib,glpT_E448K}","{tet(B)}",0.425287356321839,0.569230769230769,0.747126436781609,1.17912087912088,37,0.708142077174631,2017,"Cecal","{aph(3'')-Ib,glpT_E448K,tet(B)}"
"{sul2,tet(B)}","{aph(6)-Id}",0.413793103448276,1,0.413793103448276,1.26086956521739,36,0.722315118514615,2017,"Cecal","{aph(6)-Id,sul2,tet(B)}"
"{aph(3'')-Ib,sul2,tet(B)}","{aph(6)-Id}",0.413793103448276,1,0.413793103448276,1.26086956521739,36,0.722315118514615,2017,"Cecal","{aph(3'')-Ib,aph(6)-Id,sul2,tet(B)}"
"{sul2,tet(B)}","{aph(3'')-Ib}",0.413793103448276,1,0.413793103448276,1.24285714285714,36,0.717137165600636,2017,"Cecal","{aph(3'')-Ib,sul2,tet(B)}"
"{tet(B)}","{sul2}",0.413793103448276,0.857142857142857,0.482758620689655,1.12987012987013,36,0.683763458757828,2017,"Cecal","{sul2,tet(B)}"
"{glpT_E448K,sul2,tet(B)}","{aph(6)-Id}",0.402298850574713,1,0.402298850574713,1.26086956521739,35,0.71221231161192,2017,"Cecal","{aph(6)-Id,glpT_E448K,sul2,tet(B)}"
"{aph(3'')-Ib,glpT_E448K,sul2,tet(B)}","{aph(6)-Id}",0.402298850574713,1,0.402298850574713,1.26086956521739,35,0.71221231161192,2017,"Cecal","{aph(3'')-Ib,aph(6)-Id,glpT_E448K,sul2,tet(B)}"
"{aph(3'')-Ib,glpT_E448K,tet(B)}","{sul2}",0.402298850574713,0.945945945945946,0.425287356321839,1.24692874692875,35,0.708264076201809,2017,"Cecal","{aph(3'')-Ib,glpT_E448K,sul2,tet(B)}"
"{glpT_E448K,tet(B)}","{sul2}",0.402298850574713,0.875,0.459770114942529,1.15340909090909,35,0.681186576141333,2017,"Cecal","{glpT_E448K,sul2,tet(B)}"
"{tet(A)}","{aph(3'')-Ib}",0.379310344827586,0.804878048780488,0.471264367816092,1.00034843205575,33,0.61598904918091,2017,"Cecal","{aph(3'')-Ib,tet(A)}"
"{aph(3'')-Ib,tet(A)}","{sul2}",0.367816091954023,0.96969696969697,0.379310344827586,1.27823691460055,32,0.685679302968773,2017,"Cecal","{aph(3'')-Ib,sul2,tet(A)}"
"{aph(6)-Id,tet(A)}","{aph(3'')-Ib}",0.367816091954023,1,0.367816091954023,1.24285714285714,32,0.676123403782813,2017,"Cecal","{aph(3'')-Ib,aph(6)-Id,tet(A)}"
"{tet(A)}","{sul2}",0.367816091954023,0.780487804878049,0.471264367816092,1.02882483370288,32,0.615157158487034,2017,"Cecal","{sul2,tet(A)}"
"{tet(A)}","{aph(6)-Id}",0.367816091954023,0.780487804878049,0.471264367816092,0.984093319194062,32,0.601635569746356,2017,"Cecal","{aph(6)-Id,tet(A)}"
"{aph(3'')-Ib,glpT_E448K,tet(A)}","{sul2}",0.35632183908046,1,0.35632183908046,1.31818181818182,31,0.685344416842342,2017,"Cecal","{aph(3'')-Ib,glpT_E448K,sul2,tet(A)}"
"{aph(6)-Id,tet(A)}","{sul2}",0.35632183908046,0.96875,0.367816091954023,1.27698863636364,31,0.674550916828329,2017,"Cecal","{aph(6)-Id,sul2,tet(A)}"
"{aph(3'')-Ib,aph(6)-Id,tet(A)}","{sul2}",0.35632183908046,0.96875,0.367816091954023,1.27698863636364,31,0.674550916828329,2017,"Cecal","{aph(3'')-Ib,aph(6)-Id,sul2,tet(A)}"
"{glpT_E448K,tet(A)}","{sul2}",0.35632183908046,0.794871794871795,0.448275862068966,1.04778554778555,31,0.611022809188719,2017,"Cecal","{glpT_E448K,sul2,tet(A)}"
"{aph(3'')-Ib,glpT_E448K}","{tet(A)}",0.35632183908046,0.476923076923077,0.747126436781609,1.01200750469043,31,0.600500104275196,2017,"Cecal","{aph(3'')-Ib,glpT_E448K,tet(A)}"
"{aph(6)-Id,glpT_E448K,tet(A)}","{sul2}",0.344827586206897,1,0.344827586206897,1.31818181818182,30,0.674199862463242,2017,"Cecal","{aph(6)-Id,glpT_E448K,sul2,tet(A)}"
"{aph(3'')-Ib,aph(6)-Id,glpT_E448K,tet(A)}","{sul2}",0.344827586206897,1,0.344827586206897,1.31818181818182,30,0.674199862463242,2017,"Cecal","{aph(3'')-Ib,aph(6)-Id,glpT_E448K,sul2,tet(A)}"
"{aph(6)-Id,glpT_E448K,tet(A)}","{aph(3'')-Ib}",0.344827586206897,1,0.344827586206897,1.24285714285714,30,0.654653670707977,2017,"Cecal","{aph(3'')-Ib,aph(6)-Id,glpT_E448K,tet(A)}"
"{aph(6)-Id,tet(A)}","{glpT_E448K}",0.344827586206897,0.9375,0.367816091954023,0.994664634146341,30,0.585651607082273,2017,"Cecal","{aph(6)-Id,glpT_E448K,tet(A)}"
"{blaTEM-1}","{glpT_E448K}",0.310344827586207,0.964285714285714,0.32183908045977,1.02308362369338,27,0.563479113012536,2017,"Cecal","{blaTEM-1,glpT_E448K}"
"{glpT_E448K,tet(A)}","{floR}",0.298850574712644,0.666666666666667,0.448275862068966,2.23076923076923,26,0.816496580927726,2017,"Cecal","{floR,glpT_E448K,tet(A)}"
"{floR}","{tet(A)}",0.298850574712644,1,0.298850574712644,2.1219512195122,26,0.796333059381195,2017,"Cecal","{floR,tet(A)}"
"{floR}","{glpT_E448K}",0.298850574712644,1,0.298850574712644,1.0609756097561,26,0.563092506371473,2017,"Cecal","{floR,glpT_E448K}"
"{aph(6)-Id,glpT_E448K,tet(A)}","{floR}",0.28735632183908,0.833333333333333,0.344827586206897,2.78846153846154,25,0.895143592549291,2017,"Cecal","{aph(6)-Id,floR,glpT_E448K,tet(A)}"
"{aph(6)-Id,glpT_E448K,sul2,tet(A)}","{floR}",0.28735632183908,0.833333333333333,0.344827586206897,2.78846153846154,25,0.895143592549291,2017,"Cecal","{aph(6)-Id,floR,glpT_E448K,sul2,tet(A)}"
"{aph(3'')-Ib,aph(6)-Id,glpT_E448K,tet(A)}","{floR}",0.28735632183908,0.833333333333333,0.344827586206897,2.78846153846154,25,0.895143592549291,2017,"Cecal","{aph(3'')-Ib,aph(6)-Id,floR,glpT_E448K,tet(A)}"
"{aph(3'')-Ib,aph(6)-Id,glpT_E448K,sul2,tet(A)}","{floR}",0.28735632183908,0.833333333333333,0.344827586206897,2.78846153846154,25,0.895143592549291,2017,"Cecal","{aph(3'')-Ib,aph(6)-Id,floR,glpT_E448K,sul2,tet(A)}"
"{aph(6)-Id,sul2,tet(A)}","{floR}",0.28735632183908,0.806451612903226,0.35632183908046,2.6985111662531,25,0.880587442095434,2017,"Cecal","{aph(6)-Id,floR,sul2,tet(A)}"
"{glpT_E448K,sul2,tet(A)}","{floR}",0.28735632183908,0.806451612903226,0.35632183908046,2.6985111662531,25,0.880587442095434,2017,"Cecal","{floR,glpT_E448K,sul2,tet(A)}"
"{aph(3'')-Ib,glpT_E448K,tet(A)}","{floR}",0.28735632183908,0.806451612903226,0.35632183908046,2.6985111662531,25,0.880587442095434,2017,"Cecal","{aph(3'')-Ib,floR,glpT_E448K,tet(A)}"
"{aph(3'')-Ib,aph(6)-Id,sul2,tet(A)}","{floR}",0.28735632183908,0.806451612903226,0.35632183908046,2.6985111662531,25,0.880587442095434,2017,"Cecal","{aph(3'')-Ib,aph(6)-Id,floR,sul2,tet(A)}"
"{aph(3'')-Ib,glpT_E448K,sul2,tet(A)}","{floR}",0.28735632183908,0.806451612903226,0.35632183908046,2.6985111662531,25,0.880587442095434,2017,"Cecal","{aph(3'')-Ib,floR,glpT_E448K,sul2,tet(A)}"
"{sul2,tet(A)}","{floR}",0.28735632183908,0.78125,0.367816091954023,2.61418269230769,25,0.866719056601921,2017,"Cecal","{floR,sul2,tet(A)}"
"{aph(6)-Id,tet(A)}","{floR}",0.28735632183908,0.78125,0.367816091954023,2.61418269230769,25,0.866719056601921,2017,"Cecal","{aph(6)-Id,floR,tet(A)}"
"{aph(3'')-Ib,sul2,tet(A)}","{floR}",0.28735632183908,0.78125,0.367816091954023,2.61418269230769,25,0.866719056601921,2017,"Cecal","{aph(3'')-Ib,floR,sul2,tet(A)}"
"{aph(3'')-Ib,aph(6)-Id,tet(A)}","{floR}",0.28735632183908,0.78125,0.367816091954023,2.61418269230769,25,0.866719056601921,2017,"Cecal","{aph(3'')-Ib,aph(6)-Id,floR,tet(A)}"
"{aph(3'')-Ib,tet(A)}","{floR}",0.28735632183908,0.757575757575758,0.379310344827586,2.53496503496504,25,0.853485927498649,2017,"Cecal","{aph(3'')-Ib,floR,tet(A)}"
"{aph(6)-Id,glpT_E448K,sul2}","{floR}",0.28735632183908,0.403225806451613,0.71264367816092,1.34925558312655,25,0.622669351733397,2017,"Cecal","{aph(6)-Id,floR,glpT_E448K,sul2}"
"{aph(3'')-Ib,aph(6)-Id,glpT_E448K,sul2}","{floR}",0.28735632183908,0.403225806451613,0.71264367816092,1.34925558312655,25,0.622669351733397,2017,"Cecal","{aph(3'')-Ib,aph(6)-Id,floR,glpT_E448K,sul2}"
"{glpT_E448K,sul2}","{floR}",0.28735632183908,0.396825396825397,0.724137931034483,1.32783882783883,25,0.617707763884251,2017,"Cecal","{floR,glpT_E448K,sul2}"
"{aph(3'')-Ib,glpT_E448K,sul2}","{floR}",0.28735632183908,0.396825396825397,0.724137931034483,1.32783882783883,25,0.617707763884251,2017,"Cecal","{aph(3'')-Ib,floR,glpT_E448K,sul2}"
"{aph(6)-Id,floR}","{sul2}",0.28735632183908,1,0.28735632183908,1.31818181818182,25,0.615457454896664,2017,"Cecal","{aph(6)-Id,floR,sul2}"
"{aph(3'')-Ib,floR}","{sul2}",0.28735632183908,1,0.28735632183908,1.31818181818182,25,0.615457454896664,2017,"Cecal","{aph(3'')-Ib,floR,sul2}"
"{aph(3'')-Ib,aph(6)-Id,floR}","{sul2}",0.28735632183908,1,0.28735632183908,1.31818181818182,25,0.615457454896664,2017,"Cecal","{aph(3'')-Ib,aph(6)-Id,floR,sul2}"
"{aph(6)-Id,glpT_E448K}","{floR}",0.28735632183908,0.390625,0.735632183908046,1.30709134615385,25,0.612862922306825,2017,"Cecal","{aph(6)-Id,floR,glpT_E448K}"
"{aph(3'')-Ib,aph(6)-Id,glpT_E448K}","{floR}",0.28735632183908,0.390625,0.735632183908046,1.30709134615385,25,0.612862922306825,2017,"Cecal","{aph(3'')-Ib,aph(6)-Id,floR,glpT_E448K}"
"{aph(3'')-Ib,glpT_E448K}","{floR}",0.28735632183908,0.384615384615385,0.747126436781609,1.28698224852071,25,0.60813031926315,2017,"Cecal","{aph(3'')-Ib,floR,glpT_E448K}"
"{floR}","{sul2}",0.28735632183908,0.961538461538462,0.298850574712644,1.26748251748252,25,0.603505686981584,2017,"Cecal","{floR,sul2}"
"{aph(3'')-Ib,floR}","{aph(6)-Id}",0.28735632183908,1,0.28735632183908,1.26086956521739,25,0.601929265428846,2017,"Cecal","{aph(3'')-Ib,aph(6)-Id,floR}"
"{floR}","{aph(6)-Id}",0.28735632183908,0.961538461538462,0.298850574712644,1.2123745819398,25,0.590240205812357,2017,"Cecal","{aph(6)-Id,floR}"
"{floR}","{aph(3'')-Ib}",0.28735632183908,0.961538461538462,0.298850574712644,1.19505494505495,25,0.586009038673119,2017,"Cecal","{aph(3'')-Ib,floR}"
"{glpT_E448K,tet(A)}","{blaTEM-1}",0.264367816091954,0.58974358974359,0.448275862068966,1.83241758241758,23,0.696011662569123,2017,"Cecal","{blaTEM-1,glpT_E448K,tet(A)}"
"{blaTEM-1}","{tet(A)}",0.264367816091954,0.821428571428571,0.32183908045977,1.74303135888502,23,0.678823536516099,2017,"Cecal","{blaTEM-1,tet(A)}"
"{blaTEM-1}","{sul2}",0.228723404255319,0.704918032786885,0.324468085106383,1.61615353858457,43,0.607990245928619,2020,"Cecal","{blaTEM-1,sul2}"
"{blaTEM-1}","{aph(3'')-Ib}",0.228723404255319,0.704918032786885,0.324468085106383,1.48904033892061,43,0.583590931553444,2020,"Cecal","{aph(3'')-Ib,blaTEM-1}"
"{aph(6)-Id,blaTEM-1}","{aph(3'')-Ib}",0.223404255319149,1,0.223404255319149,2.1123595505618,42,0.686957140118327,2020,"Cecal","{aph(3'')-Ib,aph(6)-Id,blaTEM-1}"
"{blaTEM-1}","{aph(6)-Id}",0.223404255319149,0.688524590163934,0.324468085106383,1.45441149382943,42,0.570019049424294,2020,"Cecal","{aph(6)-Id,blaTEM-1}"
"{aph(3')-Ia}","{glpT_E448K}",0.218085106382979,0.803921568627451,0.271276595744681,0.905013502406951,41,0.444263397041048,2020,"Cecal","{aph(3')-Ia,glpT_E448K}"
"{aph(3')-Ia,aph(6)-Id}","{aph(3'')-Ib}",0.207446808510638,1,0.207446808510638,2.1123595505618,39,0.661968463894626,2020,"Cecal","{aph(3'')-Ib,aph(3')-Ia,aph(6)-Id}"
"{aph(3')-Ia}","{sul2}",0.207446808510638,0.764705882352941,0.271276595744681,1.7532281205165,39,0.603076759784567,2020,"Cecal","{aph(3')-Ia,sul2}"
"{aph(3')-Ia}","{aph(6)-Id}",0.207446808510638,0.764705882352941,0.271276595744681,1.61533377395902,39,0.578874628989079,2020,"Cecal","{aph(3')-Ia,aph(6)-Id}"
"{aph(3')-Ia}","{aph(3'')-Ib}",0.207446808510638,0.764705882352941,0.271276595744681,1.61533377395902,39,0.578874628989079,2020,"Cecal","{aph(3'')-Ib,aph(3')-Ia}"
"{aph(3'')-Ib,blaTEM-1}","{sul2}",0.206896551724138,0.947368421052632,0.218390804597701,1.2488038277512,18,0.508304245252414,2017,"Cecal","{aph(3'')-Ib,blaTEM-1,sul2}"
"{aph(3'')-Ib,blaTEM-1}","{glpT_E448K}",0.206896551724138,0.947368421052632,0.218390804597701,1.00513478818999,18,0.456025132744326,2017,"Cecal","{aph(3'')-Ib,blaTEM-1,glpT_E448K}"
"{glpT_E448K,sul2}","{blaTEM-1}",0.202127659574468,0.550724637681159,0.367021276595745,1.69731527678784,38,0.585725502652152,2020,"Cecal","{blaTEM-1,glpT_E448K,sul2}"
"{aph(6)-Id,blaTEM-1,sul2}","{aph(3'')-Ib}",0.196808510638298,1,0.196808510638298,2.1123595505618,37,0.644771538669824,2020,"Cecal","{aph(3'')-Ib,aph(6)-Id,blaTEM-1,sul2}"
"{aph(6)-Id,blaTEM-1}","{sul2}",0.196808510638298,0.880952380952381,0.223404255319149,2.01974448315912,37,0.630478313346672,2020,"Cecal","{aph(6)-Id,blaTEM-1,sul2}"
"{blaTEM-1,glpT_E448K,sul2}","{tet(A)}",0.195402298850575,1,0.195402298850575,2.1219512195122,17,0.643920916216785,2017,"Cecal","{blaTEM-1,glpT_E448K,sul2,tet(A)}"
"{aph(3'')-Ib,blaTEM-1,glpT_E448K,sul2}","{tet(A)}",0.195402298850575,1,0.195402298850575,2.1219512195122,17,0.643920916216785,2017,"Cecal","{aph(3'')-Ib,blaTEM-1,glpT_E448K,sul2,tet(A)}"
"{blaTEM-1,sul2}","{tet(A)}",0.195402298850575,0.944444444444444,0.206896551724138,2.00406504065041,17,0.625778647757464,2017,"Cecal","{blaTEM-1,sul2,tet(A)}"
"{aph(3'')-Ib,blaTEM-1,sul2}","{tet(A)}",0.195402298850575,0.944444444444444,0.206896551724138,2.00406504065041,17,0.625778647757464,2017,"Cecal","{aph(3'')-Ib,blaTEM-1,sul2,tet(A)}"
"{aph(3'')-Ib,blaTEM-1,glpT_E448K}","{tet(A)}",0.195402298850575,0.944444444444444,0.206896551724138,2.00406504065041,17,0.625778647757464,2017,"Cecal","{aph(3'')-Ib,blaTEM-1,glpT_E448K,tet(A)}"
"{aph(3'')-Ib,blaTEM-1}","{tet(A)}",0.195402298850575,0.894736842105263,0.218390804597701,1.89858793324775,17,0.609088209315016,2017,"Cecal","{aph(3'')-Ib,blaTEM-1,tet(A)}"
"{aph(3'')-Ib,blaTEM-1,glpT_E448K}","{sul2}",0.195402298850575,0.944444444444444,0.206896551724138,1.2449494949495,17,0.493220025207811,2017,"Cecal","{aph(3'')-Ib,blaTEM-1,glpT_E448K,sul2}"
"{aph(6)-Id,blaTEM-1,glpT_E448K}","{aph(3'')-Ib}",0.195402298850575,1,0.195402298850575,1.24285714285714,17,0.492805380304581,2017,"Cecal","{aph(3'')-Ib,aph(6)-Id,blaTEM-1,glpT_E448K}"
"{aph(6)-Id,blaTEM-1}","{glpT_E448K}",0.195402298850575,0.944444444444444,0.206896551724138,1.0020325203252,17,0.442492325351051,2017,"Cecal","{aph(6)-Id,blaTEM-1,glpT_E448K}"
"{aph(6)-Id,blaTEM-1,glpT_E448K,sul2}","{tet(A)}",0.183908045977011,1,0.183908045977011,2.1219512195122,16,0.624695047554424,2017,"Cecal","{aph(6)-Id,blaTEM-1,glpT_E448K,sul2,tet(A)}"
"{aph(3'')-Ib,aph(6)-Id,blaTEM-1,glpT_E448K,sul2}","{tet(A)}",0.183908045977011,1,0.183908045977011,2.1219512195122,16,0.624695047554424,2017,"Cecal","{aph(3'')-Ib,aph(6)-Id,blaTEM-1,glpT_E448K,sul2,tet(A)}"
"{aph(6)-Id,blaTEM-1,sul2}","{tet(A)}",0.183908045977011,0.941176470588235,0.195402298850575,1.99713055954089,16,0.606043215262856,2017,"Cecal","{aph(6)-Id,blaTEM-1,sul2,tet(A)}"
"{aph(6)-Id,blaTEM-1,glpT_E448K}","{tet(A)}",0.183908045977011,0.941176470588235,0.195402298850575,1.99713055954089,16,0.606043215262856,2017,"Cecal","{aph(6)-Id,blaTEM-1,glpT_E448K,tet(A)}"
"{aph(3'')-Ib,aph(6)-Id,blaTEM-1,sul2}","{tet(A)}",0.183908045977011,0.941176470588235,0.195402298850575,1.99713055954089,16,0.606043215262856,2017,"Cecal","{aph(3'')-Ib,aph(6)-Id,blaTEM-1,sul2,tet(A)}"
"{aph(3'')-Ib,aph(6)-Id,blaTEM-1,glpT_E448K}","{tet(A)}",0.183908045977011,0.941176470588235,0.195402298850575,1.99713055954089,16,0.606043215262856,2017,"Cecal","{aph(3'')-Ib,aph(6)-Id,blaTEM-1,glpT_E448K,tet(A)}"
"{aph(6)-Id,blaTEM-1}","{tet(A)}",0.183908045977011,0.888888888888889,0.206896551724138,1.88617886178862,16,0.588968139065848,2017,"Cecal","{aph(6)-Id,blaTEM-1,tet(A)}"
"{aph(3'')-Ib,aph(6)-Id,blaTEM-1}","{tet(A)}",0.183908045977011,0.888888888888889,0.206896551724138,1.88617886178862,16,0.588968139065848,2017,"Cecal","{aph(3'')-Ib,aph(6)-Id,blaTEM-1,tet(A)}"
"{aph(6)-Id,blaTEM-1,glpT_E448K,sul2}","{aph(3'')-Ib}",0.183908045977011,1,0.183908045977011,1.24285714285714,16,0.478091443733757,2017,"Cecal","{aph(3'')-Ib,aph(6)-Id,blaTEM-1,glpT_E448K,sul2}"
"{aph(6)-Id,blaTEM-1,glpT_E448K}","{sul2}",0.183908045977011,0.941176470588235,0.195402298850575,1.24064171122995,16,0.477665147221226,2017,"Cecal","{aph(6)-Id,blaTEM-1,glpT_E448K,sul2}"
"{aph(3')-Ia,aph(6)-Id,sul2}","{aph(3'')-Ib}",0.180851063829787,1,0.180851063829787,2.1123595505618,34,0.618079664695509,2020,"Cecal","{aph(3'')-Ib,aph(3')-Ia,aph(6)-Id,sul2}"
"{aph(3')-Ia}","{blaTEM-1}",0.180851063829787,0.666666666666667,0.271276595744681,2.05464480874317,34,0.609577476169807,2020,"Cecal","{aph(3')-Ia,blaTEM-1}"
"{aph(3')-Ia,aph(6)-Id}","{sul2}",0.180851063829787,0.871794871794872,0.207446808510638,1.99874921826141,34,0.60122867733628,2020,"Cecal","{aph(3')-Ia,aph(6)-Id,sul2}"
"{aph(3'')-Ib,aph(3')-Ia}","{sul2}",0.180851063829787,0.871794871794872,0.207446808510638,1.99874921826141,34,0.60122867733628,2020,"Cecal","{aph(3'')-Ib,aph(3')-Ia,sul2}"
"{aph(3')-Ia,glpT_E448K}","{sul2}",0.164893617021277,0.75609756097561,0.218085106382979,1.73349196906603,31,0.534641712604463,2020,"Cecal","{aph(3')-Ia,glpT_E448K,sul2}"
"{aph(6)-Id,blaTEM-1,tet(A)}","{floR}",0.160919540229885,0.875,0.183908045977011,2.92788461538462,14,0.686406472983644,2017,"Cecal","{aph(6)-Id,blaTEM-1,floR,tet(A)}"
"{aph(6)-Id,blaTEM-1,sul2,tet(A)}","{floR}",0.160919540229885,0.875,0.183908045977011,2.92788461538462,14,0.686406472983644,2017,"Cecal","{aph(6)-Id,blaTEM-1,floR,sul2,tet(A)}"
"{aph(3'')-Ib,aph(6)-Id,blaTEM-1,tet(A)}","{floR}",0.160919540229885,0.875,0.183908045977011,2.92788461538462,14,0.686406472983644,2017,"Cecal","{aph(3'')-Ib,aph(6)-Id,blaTEM-1,floR,tet(A)}"
"{aph(6)-Id,blaTEM-1,glpT_E448K,tet(A)}","{floR}",0.160919540229885,0.875,0.183908045977011,2.92788461538462,14,0.686406472983644,2017,"Cecal","{aph(6)-Id,blaTEM-1,floR,glpT_E448K,tet(A)}"
"{aph(6)-Id,blaTEM-1,glpT_E448K,sul2}","{floR}",0.160919540229885,0.875,0.183908045977011,2.92788461538462,14,0.686406472983644,2017,"Cecal","{aph(6)-Id,blaTEM-1,floR,glpT_E448K,sul2}"
"{aph(3'')-Ib,aph(6)-Id,blaTEM-1,sul2,tet(A)}","{floR}",0.160919540229885,0.875,0.183908045977011,2.92788461538462,14,0.686406472983644,2017,"Cecal","{aph(3'')-Ib,aph(6)-Id,blaTEM-1,floR,sul2,tet(A)}"
"{aph(6)-Id,blaTEM-1,glpT_E448K,sul2,tet(A)}","{floR}",0.160919540229885,0.875,0.183908045977011,2.92788461538462,14,0.686406472983644,2017,"Cecal","{aph(6)-Id,blaTEM-1,floR,glpT_E448K,sul2,tet(A)}"
"{aph(3'')-Ib,aph(6)-Id,blaTEM-1,glpT_E448K,tet(A)}","{floR}",0.160919540229885,0.875,0.183908045977011,2.92788461538462,14,0.686406472983644,2017,"Cecal","{aph(3'')-Ib,aph(6)-Id,blaTEM-1,floR,glpT_E448K,tet(A)}"
"{aph(3'')-Ib,aph(6)-Id,blaTEM-1,glpT_E448K,sul2}","{floR}",0.160919540229885,0.875,0.183908045977011,2.92788461538462,14,0.686406472983644,2017,"Cecal","{aph(3'')-Ib,aph(6)-Id,blaTEM-1,floR,glpT_E448K,sul2}"
"{aph(3'')-Ib,aph(6)-Id,blaTEM-1,glpT_E448K,sul2,tet(A)}","{floR}",0.160919540229885,0.875,0.183908045977011,2.92788461538462,14,0.686406472983644,2017,"Cecal","{aph(3'')-Ib,aph(6)-Id,blaTEM-1,floR,glpT_E448K,sul2,tet(A)}"
"{blaTEM-1,sul2,tet(A)}","{floR}",0.160919540229885,0.823529411764706,0.195402298850575,2.75565610859729,14,0.665912091816292,2017,"Cecal","{blaTEM-1,floR,sul2,tet(A)}"
"{aph(3'')-Ib,blaTEM-1,tet(A)}","{floR}",0.160919540229885,0.823529411764706,0.195402298850575,2.75565610859729,14,0.665912091816292,2017,"Cecal","{aph(3'')-Ib,blaTEM-1,floR,tet(A)}"
"{aph(6)-Id,blaTEM-1,sul2}","{floR}",0.160919540229885,0.823529411764706,0.195402298850575,2.75565610859729,14,0.665912091816292,2017,"Cecal","{aph(6)-Id,blaTEM-1,floR,sul2}"
"{blaTEM-1,glpT_E448K,sul2}","{floR}",0.160919540229885,0.823529411764706,0.195402298850575,2.75565610859729,14,0.665912091816292,2017,"Cecal","{blaTEM-1,floR,glpT_E448K,sul2}"
"{aph(6)-Id,blaTEM-1,glpT_E448K}","{floR}",0.160919540229885,0.823529411764706,0.195402298850575,2.75565610859729,14,0.665912091816292,2017,"Cecal","{aph(6)-Id,blaTEM-1,floR,glpT_E448K}"
"{aph(3'')-Ib,blaTEM-1,sul2,tet(A)}","{floR}",0.160919540229885,0.823529411764706,0.195402298850575,2.75565610859729,14,0.665912091816292,2017,"Cecal","{aph(3'')-Ib,blaTEM-1,floR,sul2,tet(A)}"
"{blaTEM-1,glpT_E448K,sul2,tet(A)}","{floR}",0.160919540229885,0.823529411764706,0.195402298850575,2.75565610859729,14,0.665912091816292,2017,"Cecal","{blaTEM-1,floR,glpT_E448K,sul2,tet(A)}"
"{aph(3'')-Ib,blaTEM-1,glpT_E448K,tet(A)}","{floR}",0.160919540229885,0.823529411764706,0.195402298850575,2.75565610859729,14,0.665912091816292,2017,"Cecal","{aph(3'')-Ib,blaTEM-1,floR,glpT_E448K,tet(A)}"
"{aph(3'')-Ib,aph(6)-Id,blaTEM-1,sul2}","{floR}",0.160919540229885,0.823529411764706,0.195402298850575,2.75565610859729,14,0.665912091816292,2017,"Cecal","{aph(3'')-Ib,aph(6)-Id,blaTEM-1,floR,sul2}"
"{aph(3'')-Ib,blaTEM-1,glpT_E448K,sul2}","{floR}",0.160919540229885,0.823529411764706,0.195402298850575,2.75565610859729,14,0.665912091816292,2017,"Cecal","{aph(3'')-Ib,blaTEM-1,floR,glpT_E448K,sul2}"
"{aph(3'')-Ib,aph(6)-Id,blaTEM-1,glpT_E448K}","{floR}",0.160919540229885,0.823529411764706,0.195402298850575,2.75565610859729,14,0.665912091816292,2017,"Cecal","{aph(3'')-Ib,aph(6)-Id,blaTEM-1,floR,glpT_E448K}"
"{aph(3'')-Ib,blaTEM-1,glpT_E448K,sul2,tet(A)}","{floR}",0.160919540229885,0.823529411764706,0.195402298850575,2.75565610859729,14,0.665912091816292,2017,"Cecal","{aph(3'')-Ib,blaTEM-1,floR,glpT_E448K,sul2,tet(A)}"
"{blaTEM-1,sul2}","{floR}",0.160919540229885,0.777777777777778,0.206896551724138,2.6025641025641,14,0.647150228929434,2017,"Cecal","{blaTEM-1,floR,sul2}"
"{aph(6)-Id,blaTEM-1}","{floR}",0.160919540229885,0.777777777777778,0.206896551724138,2.6025641025641,14,0.647150228929434,2017,"Cecal","{aph(6)-Id,blaTEM-1,floR}"
"{aph(3'')-Ib,blaTEM-1,sul2}","{floR}",0.160919540229885,0.777777777777778,0.206896551724138,2.6025641025641,14,0.647150228929434,2017,"Cecal","{aph(3'')-Ib,blaTEM-1,floR,sul2}"
"{aph(3'')-Ib,aph(6)-Id,blaTEM-1}","{floR}",0.160919540229885,0.777777777777778,0.206896551724138,2.6025641025641,14,0.647150228929434,2017,"Cecal","{aph(3'')-Ib,aph(6)-Id,blaTEM-1,floR}"
"{aph(3'')-Ib,blaTEM-1,glpT_E448K}","{floR}",0.160919540229885,0.777777777777778,0.206896551724138,2.6025641025641,14,0.647150228929434,2017,"Cecal","{aph(3'')-Ib,blaTEM-1,floR,glpT_E448K}"
"{aph(3'')-Ib,blaTEM-1}","{floR}",0.160919540229885,0.736842105263158,0.218390804597701,2.46558704453441,14,0.629889778932187,2017,"Cecal","{aph(3'')-Ib,blaTEM-1,floR}"
"{blaTEM-1,floR}","{tet(A)}",0.160919540229885,1,0.160919540229885,2.1219512195122,14,0.584348709790778,2017,"Cecal","{blaTEM-1,floR,tet(A)}"
"{blaTEM-1,floR,glpT_E448K}","{tet(A)}",0.160919540229885,1,0.160919540229885,2.1219512195122,14,0.584348709790778,2017,"Cecal","{blaTEM-1,floR,glpT_E448K,tet(A)}"
"{blaTEM-1,glpT_E448K}","{floR}",0.160919540229885,0.518518518518518,0.310344827586207,1.73504273504273,14,0.528395949267478,2017,"Cecal","{blaTEM-1,floR,glpT_E448K}"
"{floR}","{blaTEM-1}",0.160919540229885,0.538461538461538,0.298850574712644,1.67307692307692,14,0.518874521662771,2017,"Cecal","{blaTEM-1,floR}"
"{aph(3')-Ia,aph(6)-Id,glpT_E448K}","{aph(3'')-Ib}",0.159574468085106,1,0.159574468085106,2.1123595505618,30,0.580584749787138,2020,"Cecal","{aph(3'')-Ib,aph(3')-Ia,aph(6)-Id,glpT_E448K}"
"{aph(3')-Ia,glpT_E448K}","{aph(6)-Id}",0.159574468085106,0.731707317073171,0.218085106382979,1.54562893943546,30,0.496631569543621,2020,"Cecal","{aph(3')-Ia,aph(6)-Id,glpT_E448K}"
"{aph(3')-Ia,glpT_E448K}","{aph(3'')-Ib}",0.159574468085106,0.731707317073171,0.218085106382979,1.54562893943546,30,0.496631569543621,2020,"Cecal","{aph(3'')-Ib,aph(3')-Ia,glpT_E448K}"
"{aadA1}","{glpT_E448K}",0.159574468085106,0.882352941176471,0.180851063829787,0.993307502641775,30,0.398128768590021,2020,"Cecal","{aadA1,glpT_E448K}"
"{aph(6)-Id,sul1}","{aph(3'')-Ib}",0.154255319148936,1,0.154255319148936,2.1123595505618,29,0.570826327904743,2020,"Cecal","{aph(3'')-Ib,aph(6)-Id,sul1}"
"{sul1}","{aph(6)-Id}",0.154255319148936,0.828571428571429,0.186170212765957,1.75024077046549,29,0.519599796608538,2020,"Cecal","{aph(6)-Id,sul1}"
"{sul1}","{aph(3'')-Ib}",0.154255319148936,0.828571428571429,0.186170212765957,1.75024077046549,29,0.519599796608538,2020,"Cecal","{aph(3'')-Ib,sul1}"
"{sul1}","{glpT_E448K}",0.154255319148936,0.828571428571429,0.186170212765957,0.932763045337896,29,0.37931999848272,2020,"Cecal","{glpT_E448K,sul1}"
"{aph(6)-Id}","{aph(3'')-Ib}",0.516129032258065,1,0.516129032258065,1.9375,16,1,2018,"NAHLN","{aph(3'')-Ib,aph(6)-Id}"
"{aph(6)-Id,glpT_E448K}","{aph(3'')-Ib}",0.451612903225806,1,0.451612903225806,1.9375,14,0.935414346693485,2018,"NAHLN","{aph(3'')-Ib,aph(6)-Id,glpT_E448K}"
"{aph(6)-Id}","{glpT_E448K}",0.451612903225806,0.875,0.516129032258065,0.935344827586207,14,0.649933683619682,2018,"NAHLN","{aph(6)-Id,glpT_E448K}"
"{aph(3'')-Ib}","{glpT_E448K}",0.451612903225806,0.875,0.516129032258065,0.935344827586207,14,0.649933683619682,2018,"NAHLN","{aph(3'')-Ib,glpT_E448K}"
"{tet(A)}","{glpT_E448K}",0.432432432432432,0.864864864864865,0.5,1.01587301587302,32,0.662794417067947,2019,"NAHLN","{glpT_E448K,tet(A)}"
"{sul2}","{glpT_E448K}",0.419354838709677,0.928571428571429,0.451612903225806,0.992610837438424,13,0.645179167081105,2018,"NAHLN","{glpT_E448K,sul2}"
"{aph(6)-Id,sul2}","{aph(3'')-Ib}",0.405405405405405,1,0.405405405405405,2.11428571428571,30,0.925820099772552,2019,"NAHLN","{aph(3'')-Ib,aph(6)-Id,sul2}"
"{sul2}","{aph(6)-Id}",0.405405405405405,0.909090909090909,0.445945945945946,1.92207792207792,30,0.882734829504749,2019,"NAHLN","{aph(6)-Id,sul2}"
"{sul2}","{aph(3'')-Ib}",0.405405405405405,0.909090909090909,0.445945945945946,1.92207792207792,30,0.882734829504749,2019,"NAHLN","{aph(3'')-Ib,sul2}"
"{floR}","{tet(A)}",0.373626373626374,0.971428571428571,0.384615384615385,2.15609756097561,34,0.897538251492373,2021,"NAHLN","{floR,tet(A)}"
"{aph(6)-Id,glpT_E448K,sul2}","{aph(3'')-Ib}",0.364864864864865,1,0.364864864864865,2.11428571428571,27,0.87831006565368,2019,"NAHLN","{aph(3'')-Ib,aph(6)-Id,glpT_E448K,sul2}"
"{aph(6)-Id,glpT_E448K}","{sul2}",0.364864864864865,0.9,0.405405405405405,2.01818181818182,27,0.858116330321033,2019,"NAHLN","{aph(6)-Id,glpT_E448K,sul2}"
"{aph(3'')-Ib,glpT_E448K}","{sul2}",0.364864864864865,0.9,0.405405405405405,2.01818181818182,27,0.858116330321033,2019,"NAHLN","{aph(3'')-Ib,glpT_E448K,sul2}"
"{aph(6)-Id,tet(A)}","{aph(3'')-Ib}",0.354838709677419,1,0.354838709677419,1.9375,11,0.82915619758885,2018,"NAHLN","{aph(3'')-Ib,aph(6)-Id,tet(A)}"
"{tet(A)}","{aph(6)-Id}",0.354838709677419,0.733333333333333,0.483870967741936,1.42083333333333,11,0.710046946804693,2018,"NAHLN","{aph(6)-Id,tet(A)}"
"{tet(A)}","{aph(3'')-Ib}",0.354838709677419,0.733333333333333,0.483870967741936,1.42083333333333,11,0.710046946804693,2018,"NAHLN","{aph(3'')-Ib,tet(A)}"
"{aph(3'')-Ib}","{aph(3')-Ia}",0.333333333333333,1,0.333333333333333,3,1,1,2022,"NAHLN","{aph(3'')-Ib,aph(3')-Ia}"
"{aph(3'')-Ib}","{blaTEM-1}",0.333333333333333,1,0.333333333333333,3,1,1,2022,"NAHLN","{aph(3'')-Ib,blaTEM-1}"
"{aph(3'')-Ib}","{dfrA36}",0.333333333333333,1,0.333333333333333,3,1,1,2022,"NAHLN","{aph(3'')-Ib,dfrA36}"
"{aph(3'')-Ib}","{floR}",0.333333333333333,1,0.333333333333333,3,1,1,2022,"NAHLN","{aph(3'')-Ib,floR}"
"{aph(3')-Ia}","{aph(6)-Id}",0.333333333333333,1,0.333333333333333,3,1,1,2022,"NAHLN","{aph(3')-Ia,aph(6)-Id}"
"{aph(3')-Ia}","{blaTEM-1}",0.333333333333333,1,0.333333333333333,3,1,1,2022,"NAHLN","{aph(3')-Ia,blaTEM-1}"
"{aph(3')-Ia}","{dfrA36}",0.333333333333333,1,0.333333333333333,3,1,1,2022,"NAHLN","{aph(3')-Ia,dfrA36}"
"{aph(3')-Ia}","{floR}",0.333333333333333,1,0.333333333333333,3,1,1,2022,"NAHLN","{aph(3')-Ia,floR}"
"{aph(3')-Ia}","{sul2}",0.333333333333333,1,0.333333333333333,3,1,1,2022,"NAHLN","{aph(3')-Ia,sul2}"
"{aph(3')-Ia}","{tet(A)}",0.333333333333333,1,0.333333333333333,3,1,1,2022,"NAHLN","{aph(3')-Ia,tet(A)}"
"{aph(6)-Id}","{blaTEM-1}",0.333333333333333,1,0.333333333333333,3,1,1,2022,"NAHLN","{aph(6)-Id,blaTEM-1}"
"{aph(6)-Id}","{dfrA36}",0.333333333333333,1,0.333333333333333,3,1,1,2022,"NAHLN","{aph(6)-Id,dfrA36}"
"{aph(6)-Id}","{floR}",0.333333333333333,1,0.333333333333333,3,1,1,2022,"NAHLN","{aph(6)-Id,floR}"
"{blaTEM-1}","{dfrA36}",0.333333333333333,1,0.333333333333333,3,1,1,2022,"NAHLN","{blaTEM-1,dfrA36}"
"{blaTEM-1}","{floR}",0.333333333333333,1,0.333333333333333,3,1,1,2022,"NAHLN","{blaTEM-1,floR}"
"{blaTEM-1}","{sul2}",0.333333333333333,1,0.333333333333333,3,1,1,2022,"NAHLN","{blaTEM-1,sul2}"
"{blaTEM-1}","{tet(A)}",0.333333333333333,1,0.333333333333333,3,1,1,2022,"NAHLN","{blaTEM-1,tet(A)}"
"{dfrA36}","{floR}",0.333333333333333,1,0.333333333333333,3,1,1,2022,"NAHLN","{dfrA36,floR}"
"{dfrA36}","{sul2}",0.333333333333333,1,0.333333333333333,3,1,1,2022,"NAHLN","{dfrA36,sul2}"
"{dfrA36}","{tet(A)}",0.333333333333333,1,0.333333333333333,3,1,1,2022,"NAHLN","{dfrA36,tet(A)}"
"{floR}","{sul2}",0.333333333333333,1,0.333333333333333,3,1,1,2022,"NAHLN","{floR,sul2}"
"{sul2}","{tet(A)}",0.333333333333333,1,0.333333333333333,3,1,1,2022,"NAHLN","{sul2,tet(A)}"
"{aph(3'')-Ib,aph(3')-Ia}","{aph(6)-Id}",0.333333333333333,1,0.333333333333333,3,1,1,2022,"NAHLN","{aph(3'')-Ib,aph(3')-Ia,aph(6)-Id}"
"{aph(3'')-Ib,aph(3')-Ia}","{blaTEM-1}",0.333333333333333,1,0.333333333333333,3,1,1,2022,"NAHLN","{aph(3'')-Ib,aph(3')-Ia,blaTEM-1}"
"{aph(3'')-Ib,aph(3')-Ia}","{dfrA36}",0.333333333333333,1,0.333333333333333,3,1,1,2022,"NAHLN","{aph(3'')-Ib,aph(3')-Ia,dfrA36}"
"{aph(3'')-Ib,aph(3')-Ia}","{floR}",0.333333333333333,1,0.333333333333333,3,1,1,2022,"NAHLN","{aph(3'')-Ib,aph(3')-Ia,floR}"
"{aph(3'')-Ib,aph(3')-Ia}","{sul2}",0.333333333333333,1,0.333333333333333,3,1,1,2022,"NAHLN","{aph(3'')-Ib,aph(3')-Ia,sul2}"
"{aph(3'')-Ib,aph(3')-Ia}","{tet(A)}",0.333333333333333,1,0.333333333333333,3,1,1,2022,"NAHLN","{aph(3'')-Ib,aph(3')-Ia,tet(A)}"
"{aph(3'')-Ib,glpT_E448K}","{aph(3')-Ia}",0.333333333333333,1,0.333333333333333,3,1,1,2022,"NAHLN","{aph(3'')-Ib,aph(3')-Ia,glpT_E448K}"
"{aph(3'')-Ib,aph(6)-Id}","{blaTEM-1}",0.333333333333333,1,0.333333333333333,3,1,1,2022,"NAHLN","{aph(3'')-Ib,aph(6)-Id,blaTEM-1}"
"{aph(3'')-Ib,aph(6)-Id}","{dfrA36}",0.333333333333333,1,0.333333333333333,3,1,1,2022,"NAHLN","{aph(3'')-Ib,aph(6)-Id,dfrA36}"
"{aph(3'')-Ib,aph(6)-Id}","{floR}",0.333333333333333,1,0.333333333333333,3,1,1,2022,"NAHLN","{aph(3'')-Ib,aph(6)-Id,floR}"
"{aph(3'')-Ib,blaTEM-1}","{dfrA36}",0.333333333333333,1,0.333333333333333,3,1,1,2022,"NAHLN","{aph(3'')-Ib,blaTEM-1,dfrA36}"
"{aph(3'')-Ib,blaTEM-1}","{floR}",0.333333333333333,1,0.333333333333333,3,1,1,2022,"NAHLN","{aph(3'')-Ib,blaTEM-1,floR}"
"{aph(3'')-Ib,blaTEM-1}","{sul2}",0.333333333333333,1,0.333333333333333,3,1,1,2022,"NAHLN","{aph(3'')-Ib,blaTEM-1,sul2}"
"{aph(3'')-Ib,blaTEM-1}","{tet(A)}",0.333333333333333,1,0.333333333333333,3,1,1,2022,"NAHLN","{aph(3'')-Ib,blaTEM-1,tet(A)}"
"{aph(3'')-Ib,glpT_E448K}","{blaTEM-1}",0.333333333333333,1,0.333333333333333,3,1,1,2022,"NAHLN","{aph(3'')-Ib,blaTEM-1,glpT_E448K}"
"{aph(3'')-Ib,dfrA36}","{floR}",0.333333333333333,1,0.333333333333333,3,1,1,2022,"NAHLN","{aph(3'')-Ib,dfrA36,floR}"
"{aph(3'')-Ib,dfrA36}","{sul2}",0.333333333333333,1,0.333333333333333,3,1,1,2022,"NAHLN","{aph(3'')-Ib,dfrA36,sul2}"
"{aph(3'')-Ib,dfrA36}","{tet(A)}",0.333333333333333,1,0.333333333333333,3,1,1,2022,"NAHLN","{aph(3'')-Ib,dfrA36,tet(A)}"
"{aph(3'')-Ib,glpT_E448K}","{dfrA36}",0.333333333333333,1,0.333333333333333,3,1,1,2022,"NAHLN","{aph(3'')-Ib,dfrA36,glpT_E448K}"
"{aph(3'')-Ib,floR}","{sul2}",0.333333333333333,1,0.333333333333333,3,1,1,2022,"NAHLN","{aph(3'')-Ib,floR,sul2}"
"{aph(3'')-Ib,floR}","{tet(A)}",0.333333333333333,1,0.333333333333333,3,1,1,2022,"NAHLN","{aph(3'')-Ib,floR,tet(A)}"
"{aph(3'')-Ib,glpT_E448K}","{floR}",0.333333333333333,1,0.333333333333333,3,1,1,2022,"NAHLN","{aph(3'')-Ib,floR,glpT_E448K}"
"{aph(3'')-Ib,sul2}","{tet(A)}",0.333333333333333,1,0.333333333333333,3,1,1,2022,"NAHLN","{aph(3'')-Ib,sul2,tet(A)}"
"{aph(3'')-Ib,glpT_E448K}","{tet(A)}",0.333333333333333,1,0.333333333333333,3,1,1,2022,"NAHLN","{aph(3'')-Ib,glpT_E448K,tet(A)}"
"{aph(3')-Ia,aph(6)-Id}","{blaTEM-1}",0.333333333333333,1,0.333333333333333,3,1,1,2022,"NAHLN","{aph(3')-Ia,aph(6)-Id,blaTEM-1}"
"{aph(3')-Ia,aph(6)-Id}","{dfrA36}",0.333333333333333,1,0.333333333333333,3,1,1,2022,"NAHLN","{aph(3')-Ia,aph(6)-Id,dfrA36}"
"{aph(3')-Ia,aph(6)-Id}","{floR}",0.333333333333333,1,0.333333333333333,3,1,1,2022,"NAHLN","{aph(3')-Ia,aph(6)-Id,floR}"
"{aph(3')-Ia,aph(6)-Id}","{sul2}",0.333333333333333,1,0.333333333333333,3,1,1,2022,"NAHLN","{aph(3')-Ia,aph(6)-Id,sul2}"
"{aph(3')-Ia,aph(6)-Id}","{tet(A)}",0.333333333333333,1,0.333333333333333,3,1,1,2022,"NAHLN","{aph(3')-Ia,aph(6)-Id,tet(A)}"
"{aph(3')-Ia,glpT_E448K}","{aph(6)-Id}",0.333333333333333,1,0.333333333333333,3,1,1,2022,"NAHLN","{aph(3')-Ia,aph(6)-Id,glpT_E448K}"
"{aph(3')-Ia,blaTEM-1}","{dfrA36}",0.333333333333333,1,0.333333333333333,3,1,1,2022,"NAHLN","{aph(3')-Ia,blaTEM-1,dfrA36}"
"{aph(3')-Ia,blaTEM-1}","{floR}",0.333333333333333,1,0.333333333333333,3,1,1,2022,"NAHLN","{aph(3')-Ia,blaTEM-1,floR}"
"{aph(3')-Ia,blaTEM-1}","{sul2}",0.333333333333333,1,0.333333333333333,3,1,1,2022,"NAHLN","{aph(3')-Ia,blaTEM-1,sul2}"
"{aph(3')-Ia,blaTEM-1}","{tet(A)}",0.333333333333333,1,0.333333333333333,3,1,1,2022,"NAHLN","{aph(3')-Ia,blaTEM-1,tet(A)}"
"{aph(3')-Ia,glpT_E448K}","{blaTEM-1}",0.333333333333333,1,0.333333333333333,3,1,1,2022,"NAHLN","{aph(3')-Ia,blaTEM-1,glpT_E448K}"
"{aph(3')-Ia,dfrA36}","{floR}",0.333333333333333,1,0.333333333333333,3,1,1,2022,"NAHLN","{aph(3')-Ia,dfrA36,floR}"
"{aph(3')-Ia,dfrA36}","{sul2}",0.333333333333333,1,0.333333333333333,3,1,1,2022,"NAHLN","{aph(3')-Ia,dfrA36,sul2}"
"{aph(3')-Ia,dfrA36}","{tet(A)}",0.333333333333333,1,0.333333333333333,3,1,1,2022,"NAHLN","{aph(3')-Ia,dfrA36,tet(A)}"
"{aph(3')-Ia,glpT_E448K}","{dfrA36}",0.333333333333333,1,0.333333333333333,3,1,1,2022,"NAHLN","{aph(3')-Ia,dfrA36,glpT_E448K}"
"{aph(3')-Ia,floR}","{sul2}",0.333333333333333,1,0.333333333333333,3,1,1,2022,"NAHLN","{aph(3')-Ia,floR,sul2}"
"{aph(3')-Ia,floR}","{tet(A)}",0.333333333333333,1,0.333333333333333,3,1,1,2022,"NAHLN","{aph(3')-Ia,floR,tet(A)}"
"{aph(3')-Ia,glpT_E448K}","{floR}",0.333333333333333,1,0.333333333333333,3,1,1,2022,"NAHLN","{aph(3')-Ia,floR,glpT_E448K}"
"{aph(3')-Ia,sul2}","{tet(A)}",0.333333333333333,1,0.333333333333333,3,1,1,2022,"NAHLN","{aph(3')-Ia,sul2,tet(A)}"
"{aph(3')-Ia,glpT_E448K}","{sul2}",0.333333333333333,1,0.333333333333333,3,1,1,2022,"NAHLN","{aph(3')-Ia,glpT_E448K,sul2}"
"{aph(3')-Ia,glpT_E448K}","{tet(A)}",0.333333333333333,1,0.333333333333333,3,1,1,2022,"NAHLN","{aph(3')-Ia,glpT_E448K,tet(A)}"
"{aph(6)-Id,blaTEM-1}","{dfrA36}",0.333333333333333,1,0.333333333333333,3,1,1,2022,"NAHLN","{aph(6)-Id,blaTEM-1,dfrA36}"
"{aph(6)-Id,blaTEM-1}","{floR}",0.333333333333333,1,0.333333333333333,3,1,1,2022,"NAHLN","{aph(6)-Id,blaTEM-1,floR}"
"{aph(6)-Id,blaTEM-1}","{sul2}",0.333333333333333,1,0.333333333333333,3,1,1,2022,"NAHLN","{aph(6)-Id,blaTEM-1,sul2}"
"{aph(6)-Id,blaTEM-1}","{tet(A)}",0.333333333333333,1,0.333333333333333,3,1,1,2022,"NAHLN","{aph(6)-Id,blaTEM-1,tet(A)}"
"{aph(6)-Id,glpT_E448K}","{blaTEM-1}",0.333333333333333,1,0.333333333333333,3,1,1,2022,"NAHLN","{aph(6)-Id,blaTEM-1,glpT_E448K}"
"{aph(6)-Id,dfrA36}","{floR}",0.333333333333333,1,0.333333333333333,3,1,1,2022,"NAHLN","{aph(6)-Id,dfrA36,floR}"
"{aph(6)-Id,dfrA36}","{sul2}",0.333333333333333,1,0.333333333333333,3,1,1,2022,"NAHLN","{aph(6)-Id,dfrA36,sul2}"
"{aph(6)-Id,dfrA36}","{tet(A)}",0.333333333333333,1,0.333333333333333,3,1,1,2022,"NAHLN","{aph(6)-Id,dfrA36,tet(A)}"
"{aph(6)-Id,glpT_E448K}","{dfrA36}",0.333333333333333,1,0.333333333333333,3,1,1,2022,"NAHLN","{aph(6)-Id,dfrA36,glpT_E448K}"
"{aph(6)-Id,floR}","{sul2}",0.333333333333333,1,0.333333333333333,3,1,1,2022,"NAHLN","{aph(6)-Id,floR,sul2}"
"{aph(6)-Id,floR}","{tet(A)}",0.333333333333333,1,0.333333333333333,3,1,1,2022,"NAHLN","{aph(6)-Id,floR,tet(A)}"
"{aph(6)-Id,glpT_E448K}","{floR}",0.333333333333333,1,0.333333333333333,3,1,1,2022,"NAHLN","{aph(6)-Id,floR,glpT_E448K}"
"{aph(6)-Id,sul2}","{tet(A)}",0.333333333333333,1,0.333333333333333,3,1,1,2022,"NAHLN","{aph(6)-Id,sul2,tet(A)}"
"{aph(6)-Id,glpT_E448K}","{tet(A)}",0.333333333333333,1,0.333333333333333,3,1,1,2022,"NAHLN","{aph(6)-Id,glpT_E448K,tet(A)}"
"{blaTEM-1,dfrA36}","{floR}",0.333333333333333,1,0.333333333333333,3,1,1,2022,"NAHLN","{blaTEM-1,dfrA36,floR}"
"{blaTEM-1,dfrA36}","{sul2}",0.333333333333333,1,0.333333333333333,3,1,1,2022,"NAHLN","{blaTEM-1,dfrA36,sul2}"
"{blaTEM-1,dfrA36}","{tet(A)}",0.333333333333333,1,0.333333333333333,3,1,1,2022,"NAHLN","{blaTEM-1,dfrA36,tet(A)}"
"{blaTEM-1,glpT_E448K}","{dfrA36}",0.333333333333333,1,0.333333333333333,3,1,1,2022,"NAHLN","{blaTEM-1,dfrA36,glpT_E448K}"
"{blaTEM-1,floR}","{sul2}",0.333333333333333,1,0.333333333333333,3,1,1,2022,"NAHLN","{blaTEM-1,floR,sul2}"
"{blaTEM-1,floR}","{tet(A)}",0.333333333333333,1,0.333333333333333,3,1,1,2022,"NAHLN","{blaTEM-1,floR,tet(A)}"
"{blaTEM-1,glpT_E448K}","{floR}",0.333333333333333,1,0.333333333333333,3,1,1,2022,"NAHLN","{blaTEM-1,floR,glpT_E448K}"
"{blaTEM-1,sul2}","{tet(A)}",0.333333333333333,1,0.333333333333333,3,1,1,2022,"NAHLN","{blaTEM-1,sul2,tet(A)}"
"{blaTEM-1,glpT_E448K}","{sul2}",0.333333333333333,1,0.333333333333333,3,1,1,2022,"NAHLN","{blaTEM-1,glpT_E448K,sul2}"
"{blaTEM-1,glpT_E448K}","{tet(A)}",0.333333333333333,1,0.333333333333333,3,1,1,2022,"NAHLN","{blaTEM-1,glpT_E448K,tet(A)}"
"{dfrA36,floR}","{sul2}",0.333333333333333,1,0.333333333333333,3,1,1,2022,"NAHLN","{dfrA36,floR,sul2}"
"{dfrA36,floR}","{tet(A)}",0.333333333333333,1,0.333333333333333,3,1,1,2022,"NAHLN","{dfrA36,floR,tet(A)}"
"{dfrA36,glpT_E448K}","{floR}",0.333333333333333,1,0.333333333333333,3,1,1,2022,"NAHLN","{dfrA36,floR,glpT_E448K}"
"{dfrA36,sul2}","{tet(A)}",0.333333333333333,1,0.333333333333333,3,1,1,2022,"NAHLN","{dfrA36,sul2,tet(A)}"
"{dfrA36,glpT_E448K}","{sul2}",0.333333333333333,1,0.333333333333333,3,1,1,2022,"NAHLN","{dfrA36,glpT_E448K,sul2}"
"{dfrA36,glpT_E448K}","{tet(A)}",0.333333333333333,1,0.333333333333333,3,1,1,2022,"NAHLN","{dfrA36,glpT_E448K,tet(A)}"
"{floR,sul2}","{tet(A)}",0.333333333333333,1,0.333333333333333,3,1,1,2022,"NAHLN","{floR,sul2,tet(A)}"
"{floR,glpT_E448K}","{sul2}",0.333333333333333,1,0.333333333333333,3,1,1,2022,"NAHLN","{floR,glpT_E448K,sul2}"
"{floR,glpT_E448K}","{tet(A)}",0.333333333333333,1,0.333333333333333,3,1,1,2022,"NAHLN","{floR,glpT_E448K,tet(A)}"
"{glpT_E448K,sul2}","{tet(A)}",0.333333333333333,1,0.333333333333333,3,1,1,2022,"NAHLN","{glpT_E448K,sul2,tet(A)}"
"{aph(3'')-Ib,aph(3')-Ia,aph(6)-Id}","{blaTEM-1}",0.333333333333333,1,0.333333333333333,3,1,1,2022,"NAHLN","{aph(3'')-Ib,aph(3')-Ia,aph(6)-Id,blaTEM-1}"
"{aph(3'')-Ib,aph(3')-Ia,aph(6)-Id}","{dfrA36}",0.333333333333333,1,0.333333333333333,3,1,1,2022,"NAHLN","{aph(3'')-Ib,aph(3')-Ia,aph(6)-Id,dfrA36}"
"{aph(3'')-Ib,aph(3')-Ia,aph(6)-Id}","{floR}",0.333333333333333,1,0.333333333333333,3,1,1,2022,"NAHLN","{aph(3'')-Ib,aph(3')-Ia,aph(6)-Id,floR}"
"{aph(3'')-Ib,aph(3')-Ia,aph(6)-Id}","{sul2}",0.333333333333333,1,0.333333333333333,3,1,1,2022,"NAHLN","{aph(3'')-Ib,aph(3')-Ia,aph(6)-Id,sul2}"
"{aph(3'')-Ib,aph(3')-Ia,aph(6)-Id}","{tet(A)}",0.333333333333333,1,0.333333333333333,3,1,1,2022,"NAHLN","{aph(3'')-Ib,aph(3')-Ia,aph(6)-Id,tet(A)}"
"{aph(3'')-Ib,aph(3')-Ia,glpT_E448K}","{aph(6)-Id}",0.333333333333333,1,0.333333333333333,3,1,1,2022,"NAHLN","{aph(3'')-Ib,aph(3')-Ia,aph(6)-Id,glpT_E448K}"
"{aph(3'')-Ib,aph(3')-Ia,blaTEM-1}","{dfrA36}",0.333333333333333,1,0.333333333333333,3,1,1,2022,"NAHLN","{aph(3'')-Ib,aph(3')-Ia,blaTEM-1,dfrA36}"
"{aph(3'')-Ib,aph(3')-Ia,blaTEM-1}","{floR}",0.333333333333333,1,0.333333333333333,3,1,1,2022,"NAHLN","{aph(3'')-Ib,aph(3')-Ia,blaTEM-1,floR}"
"{aph(3'')-Ib,aph(3')-Ia,blaTEM-1}","{sul2}",0.333333333333333,1,0.333333333333333,3,1,1,2022,"NAHLN","{aph(3'')-Ib,aph(3')-Ia,blaTEM-1,sul2}"
"{aph(3'')-Ib,aph(3')-Ia,blaTEM-1}","{tet(A)}",0.333333333333333,1,0.333333333333333,3,1,1,2022,"NAHLN","{aph(3'')-Ib,aph(3')-Ia,blaTEM-1,tet(A)}"
"{aph(3'')-Ib,aph(3')-Ia,glpT_E448K}","{blaTEM-1}",0.333333333333333,1,0.333333333333333,3,1,1,2022,"NAHLN","{aph(3'')-Ib,aph(3')-Ia,blaTEM-1,glpT_E448K}"
"{aph(3'')-Ib,aph(3')-Ia,dfrA36}","{floR}",0.333333333333333,1,0.333333333333333,3,1,1,2022,"NAHLN","{aph(3'')-Ib,aph(3')-Ia,dfrA36,floR}"
"{aph(3'')-Ib,aph(3')-Ia,dfrA36}","{sul2}",0.333333333333333,1,0.333333333333333,3,1,1,2022,"NAHLN","{aph(3'')-Ib,aph(3')-Ia,dfrA36,sul2}"
"{aph(3'')-Ib,aph(3')-Ia,dfrA36}","{tet(A)}",0.333333333333333,1,0.333333333333333,3,1,1,2022,"NAHLN","{aph(3'')-Ib,aph(3')-Ia,dfrA36,tet(A)}"
"{aph(3'')-Ib,aph(3')-Ia,glpT_E448K}","{dfrA36}",0.333333333333333,1,0.333333333333333,3,1,1,2022,"NAHLN","{aph(3'')-Ib,aph(3')-Ia,dfrA36,glpT_E448K}"
"{aph(3'')-Ib,aph(3')-Ia,floR}","{sul2}",0.333333333333333,1,0.333333333333333,3,1,1,2022,"NAHLN","{aph(3'')-Ib,aph(3')-Ia,floR,sul2}"
"{aph(3'')-Ib,aph(3')-Ia,floR}","{tet(A)}",0.333333333333333,1,0.333333333333333,3,1,1,2022,"NAHLN","{aph(3'')-Ib,aph(3')-Ia,floR,tet(A)}"
"{aph(3'')-Ib,aph(3')-Ia,glpT_E448K}","{floR}",0.333333333333333,1,0.333333333333333,3,1,1,2022,"NAHLN","{aph(3'')-Ib,aph(3')-Ia,floR,glpT_E448K}"
"{aph(3'')-Ib,aph(3')-Ia,sul2}","{tet(A)}",0.333333333333333,1,0.333333333333333,3,1,1,2022,"NAHLN","{aph(3'')-Ib,aph(3')-Ia,sul2,tet(A)}"
"{aph(3'')-Ib,aph(3')-Ia,glpT_E448K}","{sul2}",0.333333333333333,1,0.333333333333333,3,1,1,2022,"NAHLN","{aph(3'')-Ib,aph(3')-Ia,glpT_E448K,sul2}"
"{aph(3'')-Ib,aph(3')-Ia,glpT_E448K}","{tet(A)}",0.333333333333333,1,0.333333333333333,3,1,1,2022,"NAHLN","{aph(3'')-Ib,aph(3')-Ia,glpT_E448K,tet(A)}"
"{aph(3'')-Ib,aph(6)-Id,blaTEM-1}","{dfrA36}",0.333333333333333,1,0.333333333333333,3,1,1,2022,"NAHLN","{aph(3'')-Ib,aph(6)-Id,blaTEM-1,dfrA36}"
"{aph(3'')-Ib,aph(6)-Id,blaTEM-1}","{floR}",0.333333333333333,1,0.333333333333333,3,1,1,2022,"NAHLN","{aph(3'')-Ib,aph(6)-Id,blaTEM-1,floR}"
"{aph(3'')-Ib,aph(6)-Id,blaTEM-1}","{sul2}",0.333333333333333,1,0.333333333333333,3,1,1,2022,"NAHLN","{aph(3'')-Ib,aph(6)-Id,blaTEM-1,sul2}"
"{aph(3'')-Ib,aph(6)-Id,blaTEM-1}","{tet(A)}",0.333333333333333,1,0.333333333333333,3,1,1,2022,"NAHLN","{aph(3'')-Ib,aph(6)-Id,blaTEM-1,tet(A)}"
"{aph(3'')-Ib,aph(6)-Id,glpT_E448K}","{blaTEM-1}",0.333333333333333,1,0.333333333333333,3,1,1,2022,"NAHLN","{aph(3'')-Ib,aph(6)-Id,blaTEM-1,glpT_E448K}"
"{aph(3'')-Ib,aph(6)-Id,dfrA36}","{floR}",0.333333333333333,1,0.333333333333333,3,1,1,2022,"NAHLN","{aph(3'')-Ib,aph(6)-Id,dfrA36,floR}"
"{aph(3'')-Ib,aph(6)-Id,dfrA36}","{sul2}",0.333333333333333,1,0.333333333333333,3,1,1,2022,"NAHLN","{aph(3'')-Ib,aph(6)-Id,dfrA36,sul2}"
"{aph(3'')-Ib,aph(6)-Id,dfrA36}","{tet(A)}",0.333333333333333,1,0.333333333333333,3,1,1,2022,"NAHLN","{aph(3'')-Ib,aph(6)-Id,dfrA36,tet(A)}"
"{aph(3'')-Ib,aph(6)-Id,glpT_E448K}","{dfrA36}",0.333333333333333,1,0.333333333333333,3,1,1,2022,"NAHLN","{aph(3'')-Ib,aph(6)-Id,dfrA36,glpT_E448K}"
"{aph(3'')-Ib,aph(6)-Id,floR}","{sul2}",0.333333333333333,1,0.333333333333333,3,1,1,2022,"NAHLN","{aph(3'')-Ib,aph(6)-Id,floR,sul2}"
"{aph(3'')-Ib,aph(6)-Id,floR}","{tet(A)}",0.333333333333333,1,0.333333333333333,3,1,1,2022,"NAHLN","{aph(3'')-Ib,aph(6)-Id,floR,tet(A)}"
"{aph(3'')-Ib,aph(6)-Id,glpT_E448K}","{floR}",0.333333333333333,1,0.333333333333333,3,1,1,2022,"NAHLN","{aph(3'')-Ib,aph(6)-Id,floR,glpT_E448K}"
"{aph(3'')-Ib,aph(6)-Id,sul2}","{tet(A)}",0.333333333333333,1,0.333333333333333,3,1,1,2022,"NAHLN","{aph(3'')-Ib,aph(6)-Id,sul2,tet(A)}"
"{aph(3'')-Ib,aph(6)-Id,glpT_E448K}","{tet(A)}",0.333333333333333,1,0.333333333333333,3,1,1,2022,"NAHLN","{aph(3'')-Ib,aph(6)-Id,glpT_E448K,tet(A)}"
"{aph(3'')-Ib,blaTEM-1,dfrA36}","{floR}",0.333333333333333,1,0.333333333333333,3,1,1,2022,"NAHLN","{aph(3'')-Ib,blaTEM-1,dfrA36,floR}"
"{aph(3'')-Ib,blaTEM-1,dfrA36}","{sul2}",0.333333333333333,1,0.333333333333333,3,1,1,2022,"NAHLN","{aph(3'')-Ib,blaTEM-1,dfrA36,sul2}"
"{aph(3'')-Ib,blaTEM-1,dfrA36}","{tet(A)}",0.333333333333333,1,0.333333333333333,3,1,1,2022,"NAHLN","{aph(3'')-Ib,blaTEM-1,dfrA36,tet(A)}"
"{aph(3'')-Ib,blaTEM-1,glpT_E448K}","{dfrA36}",0.333333333333333,1,0.333333333333333,3,1,1,2022,"NAHLN","{aph(3'')-Ib,blaTEM-1,dfrA36,glpT_E448K}"
"{aph(3'')-Ib,blaTEM-1,floR}","{sul2}",0.333333333333333,1,0.333333333333333,3,1,1,2022,"NAHLN","{aph(3'')-Ib,blaTEM-1,floR,sul2}"
"{aph(3'')-Ib,blaTEM-1,floR}","{tet(A)}",0.333333333333333,1,0.333333333333333,3,1,1,2022,"NAHLN","{aph(3'')-Ib,blaTEM-1,floR,tet(A)}"
"{aph(3'')-Ib,blaTEM-1,glpT_E448K}","{floR}",0.333333333333333,1,0.333333333333333,3,1,1,2022,"NAHLN","{aph(3'')-Ib,blaTEM-1,floR,glpT_E448K}"
"{aph(3'')-Ib,blaTEM-1,sul2}","{tet(A)}",0.333333333333333,1,0.333333333333333,3,1,1,2022,"NAHLN","{aph(3'')-Ib,blaTEM-1,sul2,tet(A)}"
"{aph(3'')-Ib,blaTEM-1,glpT_E448K}","{sul2}",0.333333333333333,1,0.333333333333333,3,1,1,2022,"NAHLN","{aph(3'')-Ib,blaTEM-1,glpT_E448K,sul2}"
"{aph(3'')-Ib,blaTEM-1,glpT_E448K}","{tet(A)}",0.333333333333333,1,0.333333333333333,3,1,1,2022,"NAHLN","{aph(3'')-Ib,blaTEM-1,glpT_E448K,tet(A)}"
"{aph(3'')-Ib,dfrA36,floR}","{sul2}",0.333333333333333,1,0.333333333333333,3,1,1,2022,"NAHLN","{aph(3'')-Ib,dfrA36,floR,sul2}"
"{aph(3'')-Ib,dfrA36,floR}","{tet(A)}",0.333333333333333,1,0.333333333333333,3,1,1,2022,"NAHLN","{aph(3'')-Ib,dfrA36,floR,tet(A)}"
"{aph(3'')-Ib,dfrA36,glpT_E448K}","{floR}",0.333333333333333,1,0.333333333333333,3,1,1,2022,"NAHLN","{aph(3'')-Ib,dfrA36,floR,glpT_E448K}"
"{aph(3'')-Ib,dfrA36,sul2}","{tet(A)}",0.333333333333333,1,0.333333333333333,3,1,1,2022,"NAHLN","{aph(3'')-Ib,dfrA36,sul2,tet(A)}"
"{aph(3'')-Ib,dfrA36,glpT_E448K}","{sul2}",0.333333333333333,1,0.333333333333333,3,1,1,2022,"NAHLN","{aph(3'')-Ib,dfrA36,glpT_E448K,sul2}"
"{aph(3'')-Ib,dfrA36,glpT_E448K}","{tet(A)}",0.333333333333333,1,0.333333333333333,3,1,1,2022,"NAHLN","{aph(3'')-Ib,dfrA36,glpT_E448K,tet(A)}"
"{aph(3'')-Ib,floR,sul2}","{tet(A)}",0.333333333333333,1,0.333333333333333,3,1,1,2022,"NAHLN","{aph(3'')-Ib,floR,sul2,tet(A)}"
"{aph(3'')-Ib,floR,glpT_E448K}","{sul2}",0.333333333333333,1,0.333333333333333,3,1,1,2022,"NAHLN","{aph(3'')-Ib,floR,glpT_E448K,sul2}"
"{aph(3'')-Ib,floR,glpT_E448K}","{tet(A)}",0.333333333333333,1,0.333333333333333,3,1,1,2022,"NAHLN","{aph(3'')-Ib,floR,glpT_E448K,tet(A)}"
"{aph(3'')-Ib,glpT_E448K,sul2}","{tet(A)}",0.333333333333333,1,0.333333333333333,3,1,1,2022,"NAHLN","{aph(3'')-Ib,glpT_E448K,sul2,tet(A)}"
"{aph(3')-Ia,aph(6)-Id,blaTEM-1}","{dfrA36}",0.333333333333333,1,0.333333333333333,3,1,1,2022,"NAHLN","{aph(3')-Ia,aph(6)-Id,blaTEM-1,dfrA36}"
"{aph(3')-Ia,aph(6)-Id,blaTEM-1}","{floR}",0.333333333333333,1,0.333333333333333,3,1,1,2022,"NAHLN","{aph(3')-Ia,aph(6)-Id,blaTEM-1,floR}"
"{aph(3')-Ia,aph(6)-Id,blaTEM-1}","{sul2}",0.333333333333333,1,0.333333333333333,3,1,1,2022,"NAHLN","{aph(3')-Ia,aph(6)-Id,blaTEM-1,sul2}"
"{aph(3')-Ia,aph(6)-Id,blaTEM-1}","{tet(A)}",0.333333333333333,1,0.333333333333333,3,1,1,2022,"NAHLN","{aph(3')-Ia,aph(6)-Id,blaTEM-1,tet(A)}"
"{aph(3')-Ia,aph(6)-Id,glpT_E448K}","{blaTEM-1}",0.333333333333333,1,0.333333333333333,3,1,1,2022,"NAHLN","{aph(3')-Ia,aph(6)-Id,blaTEM-1,glpT_E448K}"
"{aph(3')-Ia,aph(6)-Id,dfrA36}","{floR}",0.333333333333333,1,0.333333333333333,3,1,1,2022,"NAHLN","{aph(3')-Ia,aph(6)-Id,dfrA36,floR}"
"{aph(3')-Ia,aph(6)-Id,dfrA36}","{sul2}",0.333333333333333,1,0.333333333333333,3,1,1,2022,"NAHLN","{aph(3')-Ia,aph(6)-Id,dfrA36,sul2}"
"{aph(3')-Ia,aph(6)-Id,dfrA36}","{tet(A)}",0.333333333333333,1,0.333333333333333,3,1,1,2022,"NAHLN","{aph(3')-Ia,aph(6)-Id,dfrA36,tet(A)}"
"{aph(3')-Ia,aph(6)-Id,glpT_E448K}","{dfrA36}",0.333333333333333,1,0.333333333333333,3,1,1,2022,"NAHLN","{aph(3')-Ia,aph(6)-Id,dfrA36,glpT_E448K}"
"{aph(3')-Ia,aph(6)-Id,floR}","{sul2}",0.333333333333333,1,0.333333333333333,3,1,1,2022,"NAHLN","{aph(3')-Ia,aph(6)-Id,floR,sul2}"
"{aph(3')-Ia,aph(6)-Id,floR}","{tet(A)}",0.333333333333333,1,0.333333333333333,3,1,1,2022,"NAHLN","{aph(3')-Ia,aph(6)-Id,floR,tet(A)}"
"{aph(3')-Ia,aph(6)-Id,glpT_E448K}","{floR}",0.333333333333333,1,0.333333333333333,3,1,1,2022,"NAHLN","{aph(3')-Ia,aph(6)-Id,floR,glpT_E448K}"
"{aph(3')-Ia,aph(6)-Id,sul2}","{tet(A)}",0.333333333333333,1,0.333333333333333,3,1,1,2022,"NAHLN","{aph(3')-Ia,aph(6)-Id,sul2,tet(A)}"
"{aph(3')-Ia,aph(6)-Id,glpT_E448K}","{sul2}",0.333333333333333,1,0.333333333333333,3,1,1,2022,"NAHLN","{aph(3')-Ia,aph(6)-Id,glpT_E448K,sul2}"
"{aph(3')-Ia,aph(6)-Id,glpT_E448K}","{tet(A)}",0.333333333333333,1,0.333333333333333,3,1,1,2022,"NAHLN","{aph(3')-Ia,aph(6)-Id,glpT_E448K,tet(A)}"
"{aph(3')-Ia,blaTEM-1,dfrA36}","{floR}",0.333333333333333,1,0.333333333333333,3,1,1,2022,"NAHLN","{aph(3')-Ia,blaTEM-1,dfrA36,floR}"
"{aph(3')-Ia,blaTEM-1,dfrA36}","{sul2}",0.333333333333333,1,0.333333333333333,3,1,1,2022,"NAHLN","{aph(3')-Ia,blaTEM-1,dfrA36,sul2}"
"{aph(3')-Ia,blaTEM-1,dfrA36}","{tet(A)}",0.333333333333333,1,0.333333333333333,3,1,1,2022,"NAHLN","{aph(3')-Ia,blaTEM-1,dfrA36,tet(A)}"
"{aph(3')-Ia,blaTEM-1,glpT_E448K}","{dfrA36}",0.333333333333333,1,0.333333333333333,3,1,1,2022,"NAHLN","{aph(3')-Ia,blaTEM-1,dfrA36,glpT_E448K}"
"{aph(3')-Ia,blaTEM-1,floR}","{sul2}",0.333333333333333,1,0.333333333333333,3,1,1,2022,"NAHLN","{aph(3')-Ia,blaTEM-1,floR,sul2}"
"{aph(3')-Ia,blaTEM-1,floR}","{tet(A)}",0.333333333333333,1,0.333333333333333,3,1,1,2022,"NAHLN","{aph(3')-Ia,blaTEM-1,floR,tet(A)}"
"{aph(3')-Ia,blaTEM-1,glpT_E448K}","{floR}",0.333333333333333,1,0.333333333333333,3,1,1,2022,"NAHLN","{aph(3')-Ia,blaTEM-1,floR,glpT_E448K}"
"{aph(3')-Ia,blaTEM-1,sul2}","{tet(A)}",0.333333333333333,1,0.333333333333333,3,1,1,2022,"NAHLN","{aph(3')-Ia,blaTEM-1,sul2,tet(A)}"
"{aph(3')-Ia,blaTEM-1,glpT_E448K}","{sul2}",0.333333333333333,1,0.333333333333333,3,1,1,2022,"NAHLN","{aph(3')-Ia,blaTEM-1,glpT_E448K,sul2}"
"{aph(3')-Ia,blaTEM-1,glpT_E448K}","{tet(A)}",0.333333333333333,1,0.333333333333333,3,1,1,2022,"NAHLN","{aph(3')-Ia,blaTEM-1,glpT_E448K,tet(A)}"
"{aph(3')-Ia,dfrA36,floR}","{sul2}",0.333333333333333,1,0.333333333333333,3,1,1,2022,"NAHLN","{aph(3')-Ia,dfrA36,floR,sul2}"
"{aph(3')-Ia,dfrA36,floR}","{tet(A)}",0.333333333333333,1,0.333333333333333,3,1,1,2022,"NAHLN","{aph(3')-Ia,dfrA36,floR,tet(A)}"
"{aph(3')-Ia,dfrA36,glpT_E448K}","{floR}",0.333333333333333,1,0.333333333333333,3,1,1,2022,"NAHLN","{aph(3')-Ia,dfrA36,floR,glpT_E448K}"
"{aph(3')-Ia,dfrA36,sul2}","{tet(A)}",0.333333333333333,1,0.333333333333333,3,1,1,2022,"NAHLN","{aph(3')-Ia,dfrA36,sul2,tet(A)}"
"{aph(3')-Ia,dfrA36,glpT_E448K}","{sul2}",0.333333333333333,1,0.333333333333333,3,1,1,2022,"NAHLN","{aph(3')-Ia,dfrA36,glpT_E448K,sul2}"
"{aph(3')-Ia,dfrA36,glpT_E448K}","{tet(A)}",0.333333333333333,1,0.333333333333333,3,1,1,2022,"NAHLN","{aph(3')-Ia,dfrA36,glpT_E448K,tet(A)}"
"{aph(3')-Ia,floR,sul2}","{tet(A)}",0.333333333333333,1,0.333333333333333,3,1,1,2022,"NAHLN","{aph(3')-Ia,floR,sul2,tet(A)}"
"{aph(3')-Ia,floR,glpT_E448K}","{sul2}",0.333333333333333,1,0.333333333333333,3,1,1,2022,"NAHLN","{aph(3')-Ia,floR,glpT_E448K,sul2}"
"{aph(3')-Ia,floR,glpT_E448K}","{tet(A)}",0.333333333333333,1,0.333333333333333,3,1,1,2022,"NAHLN","{aph(3')-Ia,floR,glpT_E448K,tet(A)}"
"{aph(3')-Ia,glpT_E448K,sul2}","{tet(A)}",0.333333333333333,1,0.333333333333333,3,1,1,2022,"NAHLN","{aph(3')-Ia,glpT_E448K,sul2,tet(A)}"
"{aph(6)-Id,blaTEM-1,dfrA36}","{floR}",0.333333333333333,1,0.333333333333333,3,1,1,2022,"NAHLN","{aph(6)-Id,blaTEM-1,dfrA36,floR}"
"{aph(6)-Id,blaTEM-1,dfrA36}","{sul2}",0.333333333333333,1,0.333333333333333,3,1,1,2022,"NAHLN","{aph(6)-Id,blaTEM-1,dfrA36,sul2}"
"{aph(6)-Id,blaTEM-1,dfrA36}","{tet(A)}",0.333333333333333,1,0.333333333333333,3,1,1,2022,"NAHLN","{aph(6)-Id,blaTEM-1,dfrA36,tet(A)}"
"{aph(6)-Id,blaTEM-1,glpT_E448K}","{dfrA36}",0.333333333333333,1,0.333333333333333,3,1,1,2022,"NAHLN","{aph(6)-Id,blaTEM-1,dfrA36,glpT_E448K}"
"{aph(6)-Id,blaTEM-1,floR}","{sul2}",0.333333333333333,1,0.333333333333333,3,1,1,2022,"NAHLN","{aph(6)-Id,blaTEM-1,floR,sul2}"
"{aph(6)-Id,blaTEM-1,floR}","{tet(A)}",0.333333333333333,1,0.333333333333333,3,1,1,2022,"NAHLN","{aph(6)-Id,blaTEM-1,floR,tet(A)}"
"{aph(6)-Id,blaTEM-1,glpT_E448K}","{floR}",0.333333333333333,1,0.333333333333333,3,1,1,2022,"NAHLN","{aph(6)-Id,blaTEM-1,floR,glpT_E448K}"
"{aph(6)-Id,blaTEM-1,sul2}","{tet(A)}",0.333333333333333,1,0.333333333333333,3,1,1,2022,"NAHLN","{aph(6)-Id,blaTEM-1,sul2,tet(A)}"
"{aph(6)-Id,blaTEM-1,glpT_E448K}","{sul2}",0.333333333333333,1,0.333333333333333,3,1,1,2022,"NAHLN","{aph(6)-Id,blaTEM-1,glpT_E448K,sul2}"
"{aph(6)-Id,blaTEM-1,glpT_E448K}","{tet(A)}",0.333333333333333,1,0.333333333333333,3,1,1,2022,"NAHLN","{aph(6)-Id,blaTEM-1,glpT_E448K,tet(A)}"
"{aph(6)-Id,dfrA36,floR}","{sul2}",0.333333333333333,1,0.333333333333333,3,1,1,2022,"NAHLN","{aph(6)-Id,dfrA36,floR,sul2}"
"{aph(6)-Id,dfrA36,floR}","{tet(A)}",0.333333333333333,1,0.333333333333333,3,1,1,2022,"NAHLN","{aph(6)-Id,dfrA36,floR,tet(A)}"
"{aph(6)-Id,dfrA36,glpT_E448K}","{floR}",0.333333333333333,1,0.333333333333333,3,1,1,2022,"NAHLN","{aph(6)-Id,dfrA36,floR,glpT_E448K}"
"{aph(6)-Id,dfrA36,sul2}","{tet(A)}",0.333333333333333,1,0.333333333333333,3,1,1,2022,"NAHLN","{aph(6)-Id,dfrA36,sul2,tet(A)}"
"{aph(6)-Id,dfrA36,glpT_E448K}","{sul2}",0.333333333333333,1,0.333333333333333,3,1,1,2022,"NAHLN","{aph(6)-Id,dfrA36,glpT_E448K,sul2}"
"{aph(6)-Id,dfrA36,glpT_E448K}","{tet(A)}",0.333333333333333,1,0.333333333333333,3,1,1,2022,"NAHLN","{aph(6)-Id,dfrA36,glpT_E448K,tet(A)}"
"{aph(6)-Id,floR,sul2}","{tet(A)}",0.333333333333333,1,0.333333333333333,3,1,1,2022,"NAHLN","{aph(6)-Id,floR,sul2,tet(A)}"
"{aph(6)-Id,floR,glpT_E448K}","{sul2}",0.333333333333333,1,0.333333333333333,3,1,1,2022,"NAHLN","{aph(6)-Id,floR,glpT_E448K,sul2}"
"{aph(6)-Id,floR,glpT_E448K}","{tet(A)}",0.333333333333333,1,0.333333333333333,3,1,1,2022,"NAHLN","{aph(6)-Id,floR,glpT_E448K,tet(A)}"
"{aph(6)-Id,glpT_E448K,sul2}","{tet(A)}",0.333333333333333,1,0.333333333333333,3,1,1,2022,"NAHLN","{aph(6)-Id,glpT_E448K,sul2,tet(A)}"
"{blaTEM-1,dfrA36,floR}","{sul2}",0.333333333333333,1,0.333333333333333,3,1,1,2022,"NAHLN","{blaTEM-1,dfrA36,floR,sul2}"
"{blaTEM-1,dfrA36,floR}","{tet(A)}",0.333333333333333,1,0.333333333333333,3,1,1,2022,"NAHLN","{blaTEM-1,dfrA36,floR,tet(A)}"
"{blaTEM-1,dfrA36,glpT_E448K}","{floR}",0.333333333333333,1,0.333333333333333,3,1,1,2022,"NAHLN","{blaTEM-1,dfrA36,floR,glpT_E448K}"
"{blaTEM-1,dfrA36,sul2}","{tet(A)}",0.333333333333333,1,0.333333333333333,3,1,1,2022,"NAHLN","{blaTEM-1,dfrA36,sul2,tet(A)}"
"{blaTEM-1,dfrA36,glpT_E448K}","{sul2}",0.333333333333333,1,0.333333333333333,3,1,1,2022,"NAHLN","{blaTEM-1,dfrA36,glpT_E448K,sul2}"
"{blaTEM-1,dfrA36,glpT_E448K}","{tet(A)}",0.333333333333333,1,0.333333333333333,3,1,1,2022,"NAHLN","{blaTEM-1,dfrA36,glpT_E448K,tet(A)}"
"{blaTEM-1,floR,sul2}","{tet(A)}",0.333333333333333,1,0.333333333333333,3,1,1,2022,"NAHLN","{blaTEM-1,floR,sul2,tet(A)}"
"{blaTEM-1,floR,glpT_E448K}","{sul2}",0.333333333333333,1,0.333333333333333,3,1,1,2022,"NAHLN","{blaTEM-1,floR,glpT_E448K,sul2}"
"{blaTEM-1,floR,glpT_E448K}","{tet(A)}",0.333333333333333,1,0.333333333333333,3,1,1,2022,"NAHLN","{blaTEM-1,floR,glpT_E448K,tet(A)}"
"{blaTEM-1,glpT_E448K,sul2}","{tet(A)}",0.333333333333333,1,0.333333333333333,3,1,1,2022,"NAHLN","{blaTEM-1,glpT_E448K,sul2,tet(A)}"
"{dfrA36,floR,sul2}","{tet(A)}",0.333333333333333,1,0.333333333333333,3,1,1,2022,"NAHLN","{dfrA36,floR,sul2,tet(A)}"
"{dfrA36,floR,glpT_E448K}","{sul2}",0.333333333333333,1,0.333333333333333,3,1,1,2022,"NAHLN","{dfrA36,floR,glpT_E448K,sul2}"
"{dfrA36,floR,glpT_E448K}","{tet(A)}",0.333333333333333,1,0.333333333333333,3,1,1,2022,"NAHLN","{dfrA36,floR,glpT_E448K,tet(A)}"
"{dfrA36,glpT_E448K,sul2}","{tet(A)}",0.333333333333333,1,0.333333333333333,3,1,1,2022,"NAHLN","{dfrA36,glpT_E448K,sul2,tet(A)}"
"{floR,glpT_E448K,sul2}","{tet(A)}",0.333333333333333,1,0.333333333333333,3,1,1,2022,"NAHLN","{floR,glpT_E448K,sul2,tet(A)}"
"{aph(3'')-Ib,aph(3')-Ia,aph(6)-Id,blaTEM-1}","{dfrA36}",0.333333333333333,1,0.333333333333333,3,1,1,2022,"NAHLN","{aph(3'')-Ib,aph(3')-Ia,aph(6)-Id,blaTEM-1,dfrA36}"
"{aph(3'')-Ib,aph(3')-Ia,aph(6)-Id,blaTEM-1}","{floR}",0.333333333333333,1,0.333333333333333,3,1,1,2022,"NAHLN","{aph(3'')-Ib,aph(3')-Ia,aph(6)-Id,blaTEM-1,floR}"
"{aph(3'')-Ib,aph(3')-Ia,aph(6)-Id,blaTEM-1}","{sul2}",0.333333333333333,1,0.333333333333333,3,1,1,2022,"NAHLN","{aph(3'')-Ib,aph(3')-Ia,aph(6)-Id,blaTEM-1,sul2}"
"{aph(3'')-Ib,aph(3')-Ia,aph(6)-Id,blaTEM-1}","{tet(A)}",0.333333333333333,1,0.333333333333333,3,1,1,2022,"NAHLN","{aph(3'')-Ib,aph(3')-Ia,aph(6)-Id,blaTEM-1,tet(A)}"
"{aph(3'')-Ib,aph(3')-Ia,aph(6)-Id,glpT_E448K}","{blaTEM-1}",0.333333333333333,1,0.333333333333333,3,1,1,2022,"NAHLN","{aph(3'')-Ib,aph(3')-Ia,aph(6)-Id,blaTEM-1,glpT_E448K}"
"{aph(3'')-Ib,aph(3')-Ia,aph(6)-Id,dfrA36}","{floR}",0.333333333333333,1,0.333333333333333,3,1,1,2022,"NAHLN","{aph(3'')-Ib,aph(3')-Ia,aph(6)-Id,dfrA36,floR}"
"{aph(3'')-Ib,aph(3')-Ia,aph(6)-Id,dfrA36}","{sul2}",0.333333333333333,1,0.333333333333333,3,1,1,2022,"NAHLN","{aph(3'')-Ib,aph(3')-Ia,aph(6)-Id,dfrA36,sul2}"
"{aph(3'')-Ib,aph(3')-Ia,aph(6)-Id,dfrA36}","{tet(A)}",0.333333333333333,1,0.333333333333333,3,1,1,2022,"NAHLN","{aph(3'')-Ib,aph(3')-Ia,aph(6)-Id,dfrA36,tet(A)}"
"{aph(3'')-Ib,aph(3')-Ia,aph(6)-Id,glpT_E448K}","{dfrA36}",0.333333333333333,1,0.333333333333333,3,1,1,2022,"NAHLN","{aph(3'')-Ib,aph(3')-Ia,aph(6)-Id,dfrA36,glpT_E448K}"
"{aph(3'')-Ib,aph(3')-Ia,aph(6)-Id,floR}","{sul2}",0.333333333333333,1,0.333333333333333,3,1,1,2022,"NAHLN","{aph(3'')-Ib,aph(3')-Ia,aph(6)-Id,floR,sul2}"
"{aph(3'')-Ib,aph(3')-Ia,aph(6)-Id,floR}","{tet(A)}",0.333333333333333,1,0.333333333333333,3,1,1,2022,"NAHLN","{aph(3'')-Ib,aph(3')-Ia,aph(6)-Id,floR,tet(A)}"
"{aph(3'')-Ib,aph(3')-Ia,aph(6)-Id,glpT_E448K}","{floR}",0.333333333333333,1,0.333333333333333,3,1,1,2022,"NAHLN","{aph(3'')-Ib,aph(3')-Ia,aph(6)-Id,floR,glpT_E448K}"
"{aph(3'')-Ib,aph(3')-Ia,aph(6)-Id,sul2}","{tet(A)}",0.333333333333333,1,0.333333333333333,3,1,1,2022,"NAHLN","{aph(3'')-Ib,aph(3')-Ia,aph(6)-Id,sul2,tet(A)}"
"{aph(3'')-Ib,aph(3')-Ia,aph(6)-Id,glpT_E448K}","{sul2}",0.333333333333333,1,0.333333333333333,3,1,1,2022,"NAHLN","{aph(3'')-Ib,aph(3')-Ia,aph(6)-Id,glpT_E448K,sul2}"
"{aph(3'')-Ib,aph(3')-Ia,aph(6)-Id,glpT_E448K}","{tet(A)}",0.333333333333333,1,0.333333333333333,3,1,1,2022,"NAHLN","{aph(3'')-Ib,aph(3')-Ia,aph(6)-Id,glpT_E448K,tet(A)}"
"{aph(3'')-Ib,aph(3')-Ia,blaTEM-1,dfrA36}","{floR}",0.333333333333333,1,0.333333333333333,3,1,1,2022,"NAHLN","{aph(3'')-Ib,aph(3')-Ia,blaTEM-1,dfrA36,floR}"
"{aph(3'')-Ib,aph(3')-Ia,blaTEM-1,dfrA36}","{sul2}",0.333333333333333,1,0.333333333333333,3,1,1,2022,"NAHLN","{aph(3'')-Ib,aph(3')-Ia,blaTEM-1,dfrA36,sul2}"
"{aph(3'')-Ib,aph(3')-Ia,blaTEM-1,dfrA36}","{tet(A)}",0.333333333333333,1,0.333333333333333,3,1,1,2022,"NAHLN","{aph(3'')-Ib,aph(3')-Ia,blaTEM-1,dfrA36,tet(A)}"
"{aph(3'')-Ib,aph(3')-Ia,blaTEM-1,glpT_E448K}","{dfrA36}",0.333333333333333,1,0.333333333333333,3,1,1,2022,"NAHLN","{aph(3'')-Ib,aph(3')-Ia,blaTEM-1,dfrA36,glpT_E448K}"
"{aph(3'')-Ib,aph(3')-Ia,blaTEM-1,floR}","{sul2}",0.333333333333333,1,0.333333333333333,3,1,1,2022,"NAHLN","{aph(3'')-Ib,aph(3')-Ia,blaTEM-1,floR,sul2}"
"{aph(3'')-Ib,aph(3')-Ia,blaTEM-1,floR}","{tet(A)}",0.333333333333333,1,0.333333333333333,3,1,1,2022,"NAHLN","{aph(3'')-Ib,aph(3')-Ia,blaTEM-1,floR,tet(A)}"
"{aph(3'')-Ib,aph(3')-Ia,blaTEM-1,glpT_E448K}","{floR}",0.333333333333333,1,0.333333333333333,3,1,1,2022,"NAHLN","{aph(3'')-Ib,aph(3')-Ia,blaTEM-1,floR,glpT_E448K}"
"{aph(3'')-Ib,aph(3')-Ia,blaTEM-1,sul2}","{tet(A)}",0.333333333333333,1,0.333333333333333,3,1,1,2022,"NAHLN","{aph(3'')-Ib,aph(3')-Ia,blaTEM-1,sul2,tet(A)}"
"{aph(3'')-Ib,aph(3')-Ia,blaTEM-1,glpT_E448K}","{sul2}",0.333333333333333,1,0.333333333333333,3,1,1,2022,"NAHLN","{aph(3'')-Ib,aph(3')-Ia,blaTEM-1,glpT_E448K,sul2}"
"{aph(3'')-Ib,aph(3')-Ia,blaTEM-1,glpT_E448K}","{tet(A)}",0.333333333333333,1,0.333333333333333,3,1,1,2022,"NAHLN","{aph(3'')-Ib,aph(3')-Ia,blaTEM-1,glpT_E448K,tet(A)}"
"{aph(3'')-Ib,aph(3')-Ia,dfrA36,floR}","{sul2}",0.333333333333333,1,0.333333333333333,3,1,1,2022,"NAHLN","{aph(3'')-Ib,aph(3')-Ia,dfrA36,floR,sul2}"
"{aph(3'')-Ib,aph(3')-Ia,dfrA36,floR}","{tet(A)}",0.333333333333333,1,0.333333333333333,3,1,1,2022,"NAHLN","{aph(3'')-Ib,aph(3')-Ia,dfrA36,floR,tet(A)}"
"{aph(3'')-Ib,aph(3')-Ia,dfrA36,glpT_E448K}","{floR}",0.333333333333333,1,0.333333333333333,3,1,1,2022,"NAHLN","{aph(3'')-Ib,aph(3')-Ia,dfrA36,floR,glpT_E448K}"
"{aph(3'')-Ib,aph(3')-Ia,dfrA36,sul2}","{tet(A)}",0.333333333333333,1,0.333333333333333,3,1,1,2022,"NAHLN","{aph(3'')-Ib,aph(3')-Ia,dfrA36,sul2,tet(A)}"
"{aph(3'')-Ib,aph(3')-Ia,dfrA36,glpT_E448K}","{sul2}",0.333333333333333,1,0.333333333333333,3,1,1,2022,"NAHLN","{aph(3'')-Ib,aph(3')-Ia,dfrA36,glpT_E448K,sul2}"
"{aph(3'')-Ib,aph(3')-Ia,dfrA36,glpT_E448K}","{tet(A)}",0.333333333333333,1,0.333333333333333,3,1,1,2022,"NAHLN","{aph(3'')-Ib,aph(3')-Ia,dfrA36,glpT_E448K,tet(A)}"
"{aph(3'')-Ib,aph(3')-Ia,floR,sul2}","{tet(A)}",0.333333333333333,1,0.333333333333333,3,1,1,2022,"NAHLN","{aph(3'')-Ib,aph(3')-Ia,floR,sul2,tet(A)}"
"{aph(3'')-Ib,aph(3')-Ia,floR,glpT_E448K}","{sul2}",0.333333333333333,1,0.333333333333333,3,1,1,2022,"NAHLN","{aph(3'')-Ib,aph(3')-Ia,floR,glpT_E448K,sul2}"
"{aph(3'')-Ib,aph(3')-Ia,floR,glpT_E448K}","{tet(A)}",0.333333333333333,1,0.333333333333333,3,1,1,2022,"NAHLN","{aph(3'')-Ib,aph(3')-Ia,floR,glpT_E448K,tet(A)}"
"{aph(3'')-Ib,aph(3')-Ia,glpT_E448K,sul2}","{tet(A)}",0.333333333333333,1,0.333333333333333,3,1,1,2022,"NAHLN","{aph(3'')-Ib,aph(3')-Ia,glpT_E448K,sul2,tet(A)}"
"{aph(3'')-Ib,aph(6)-Id,blaTEM-1,dfrA36}","{floR}",0.333333333333333,1,0.333333333333333,3,1,1,2022,"NAHLN","{aph(3'')-Ib,aph(6)-Id,blaTEM-1,dfrA36,floR}"
"{aph(3'')-Ib,aph(6)-Id,blaTEM-1,dfrA36}","{sul2}",0.333333333333333,1,0.333333333333333,3,1,1,2022,"NAHLN","{aph(3'')-Ib,aph(6)-Id,blaTEM-1,dfrA36,sul2}"
"{aph(3'')-Ib,aph(6)-Id,blaTEM-1,dfrA36}","{tet(A)}",0.333333333333333,1,0.333333333333333,3,1,1,2022,"NAHLN","{aph(3'')-Ib,aph(6)-Id,blaTEM-1,dfrA36,tet(A)}"
"{aph(3'')-Ib,aph(6)-Id,blaTEM-1,glpT_E448K}","{dfrA36}",0.333333333333333,1,0.333333333333333,3,1,1,2022,"NAHLN","{aph(3'')-Ib,aph(6)-Id,blaTEM-1,dfrA36,glpT_E448K}"
