"ID","Year","AMC","AMP","AXO","AZI","CHL","CIP","COT","FIS","FOX","GEN","MER","NAL","STR","TET"
"17CO02GB06",2017,0,0,0,0,0,0,0,0,0,0,0,0,0,0
"17CO04GB01",2017,0,0,0,0,0,0,0,0,0,0,0,0,0,0
"17CO06GB01",2017,0,0,0,0,0,0,0,0,0,0,0,0,0,0
"17CO06GB03",2017,0,0,0,0,0,0,0,0,0,0,0,0,0,0
"17CO07GB02",2017,0,0,0,0,0,0,0,0,0,0,0,0,0,1
"17CO07GB10",2017,0,0,0,0,0,0,0,0,0,0,0,0,0,0
"17CO09GB04",2017,0,0,0,0,0,0,0,0,0,0,0,1,0,0
"17CO09GB06",2017,0,0,0,0,0,0,0,0,0,0,0,0,0,0
"17CO09GB10",2017,0,0,0,0,0,0,0,0,0,0,0,0,0,0
"17CO10GB02",2017,0,0,0,0,0,0,0,0,0,0,0,0,0,0
"17CO10GB04",2017,0,0,0,0,0,0,0,0,0,0,0,0,0,0
"17CO10GB08",2017,0,0,0,0,0,0,0,0,0,0,0,0,0,0
"17CO10GB10",2017,0,0,0,0,0,0,0,0,0,0,0,0,0,0
"17CO12GB05",2017,0,0,0,0,0,0,0,0,0,0,0,0,0,0
"17GA01GB02",2017,0,0,0,0,0,0,0,0,0,0,0,0,1,1
"17GA01GB03",2017,0,0,0,0,0,0,0,0,0,0,0,0,0,0
"17GA01GB04",2017,0,1,0,0,1,0,0,1,0,0,0,0,1,1
"17GA01GB06",2017,0,0,0,0,0,0,0,0,0,0,0,0,0,0
"17GA01GB07",2017,0,0,0,0,0,0,0,0,0,0,0,0,0,0
"17GA01GB08",2017,0,0,0,0,0,0,0,0,0,0,0,0,0,0
"17GA01GB09",2017,0,0,0,0,0,0,0,0,0,0,0,0,0,1
"17GA01GB10",2017,0,0,0,0,0,0,0,0,0,0,0,0,0,0
"17GA02GB01",2017,0,0,0,0,0,0,0,0,0,0,0,0,0,0
"17GA02GB02",2017,0,0,0,0,0,0,0,0,0,0,0,0,0,0
"17GA02GB06",2017,0,0,0,0,0,0,0,0,0,0,0,0,0,1
"17GA03GB04",2017,0,0,0,0,0,0,0,0,0,0,0,0,0,0
"17GA03GB08",2017,0,0,0,0,0,0,0,0,0,0,0,0,0,0
"17GA04GB04",2017,0,0,0,0,0,0,0,0,0,0,0,0,0,0
"17GA04GB06",2017,0,0,0,0,0,0,0,0,0,0,0,0,0,0
"17GA04GB10",2017,0,0,0,0,0,0,0,0,0,0,0,0,0,0
"17GA05GB04",2017,0,0,0,0,0,0,0,0,0,0,0,0,0,0
"17GA05GB06",2017,0,0,0,0,0,0,0,1,0,0,0,0,1,1
"17GA05GB08",2017,0,0,0,0,0,0,0,0,0,0,0,0,0,1
"17GA06GB08",2017,0,0,0,0,0,0,0,0,0,0,0,0,0,0
"17GA06GB10",2017,0,0,0,0,0,0,0,0,0,0,0,0,0,0
"17GA07GB02",2017,0,0,0,0,0,0,0,0,0,0,0,0,0,0
"17GA07GB06",2017,0,0,0,0,0,0,0,0,0,0,0,0,0,0
"17GA07GB10",2017,0,0,0,0,0,0,0,0,0,0,0,0,0,0
"17GA08GB06",2017,0,0,0,0,0,0,0,0,0,0,0,0,0,0
"17GA08GB10",2017,0,0,0,0,0,0,0,0,0,0,0,0,0,0
"17GA09GB06",2017,0,0,0,0,0,0,0,0,0,0,0,0,0,0
"17GA10GB06",2017,0,0,0,0,0,0,0,0,0,0,0,0,0,0
"17GA10GB10",2017,0,0,0,0,0,0,0,0,0,0,0,0,0,0
"17GA11GB04",2017,0,0,0,0,0,0,0,0,0,0,0,0,0,1
"17GA11GB08",2017,0,0,0,0,0,0,0,0,0,0,0,0,0,0
"17GA12GB02",2017,0,0,0,0,0,0,0,0,0,0,0,0,0,0
"17GA12GB06",2017,0,0,0,0,0,0,0,0,0,0,0,0,0,0
"17GA12GB10",2017,0,0,0,0,0,0,0,0,0,0,0,0,0,0
"17IA01GB01",2017,0,0,0,0,0,0,0,0,0,0,0,0,0,0
"17IA01GB08",2017,0,0,0,0,0,0,0,0,0,0,0,0,0,0
"17IA01GB09",2017,0,0,0,0,0,0,0,0,0,0,0,0,0,0
"17IA01GB10",2017,0,0,0,0,0,0,0,0,0,0,0,0,0,0
"17IA02GB01",2017,0,0,0,0,0,0,0,0,0,0,0,0,0,0
"17IA02GB03",2017,0,0,0,0,0,0,0,0,0,0,0,0,0,0
"17IA02GB06",2017,0,0,0,0,0,0,0,1,0,0,0,0,1,1
"17IA02GB07",2017,0,0,0,0,0,0,0,0,0,0,0,0,0,0
"17IA02GB10",2017,0,0,0,0,0,0,0,0,0,0,0,0,0,0
"17IA03GB02",2017,0,0,0,0,0,0,0,0,0,0,0,0,0,0
"17IA03GB03",2017,0,0,0,0,0,0,0,0,0,0,0,0,0,0
"17IA03GB05",2017,0,0,0,0,0,0,0,0,0,0,0,0,0,0
"17IA03GB09",2017,0,0,0,0,0,0,0,0,0,0,0,0,0,0
"17IA03GB10",2017,0,0,0,0,0,0,0,0,0,0,0,0,0,0
"17IA04GB02",2017,0,0,0,0,0,0,0,0,0,0,0,0,0,0
"17IA04GB06",2017,0,0,0,0,0,0,0,0,0,0,0,0,0,0
"17IA05GB04",2017,0,0,0,0,0,0,0,0,0,0,0,0,0,0
"17IA05GB06",2017,0,0,0,0,0,0,0,0,0,0,0,0,0,0
"17IA05GB10",2017,0,0,0,0,0,0,0,0,0,0,0,0,0,1
"17IA06GB02",2017,0,0,0,0,0,0,0,0,0,0,0,0,0,0
"17IA06GB06",2017,0,0,0,0,0,0,0,0,0,0,0,0,0,0
"17IA06GB08",2017,0,0,0,0,0,0,0,0,0,0,0,0,0,0
"17IA07GB02",2017,0,0,0,0,0,0,0,0,0,0,0,0,0,0
"17IA07GB06",2017,0,0,0,0,0,0,0,0,0,0,0,0,0,0
"17IA07GB08",2017,0,0,0,0,0,0,0,0,0,0,0,0,0,1
"17IA08GB02",2017,0,0,0,0,0,0,0,0,0,0,0,0,0,0
"17IA08GB04",2017,0,0,0,0,0,0,0,0,0,0,0,0,0,1
"17IA08GB06",2017,0,0,0,0,0,0,0,0,0,0,0,0,0,0
"17IA09GB02",2017,0,0,0,0,0,0,0,0,0,0,0,0,0,0
"17IA10GB02",2017,0,0,0,0,0,0,0,0,0,0,0,0,0,0
"17IA10GB04",2017,0,0,0,0,0,0,0,0,0,0,0,0,0,0
"17IA10GB06",2017,0,0,0,0,0,0,0,0,0,0,0,0,0,0
"17IA11GB10",2017,0,0,0,0,0,0,0,0,0,0,0,0,1,0
"17KS01GB02",2017,0,0,0,0,0,0,0,0,0,0,0,0,0,0
"17KS01GB08",2017,0,0,0,0,0,0,0,0,0,0,0,0,0,0
"17KS02GB02",2017,0,0,0,0,0,0,0,0,0,0,0,0,0,0
"17KS02GB10",2017,0,0,0,0,0,0,0,0,0,0,0,0,0,0
"17KS03GB02",2017,0,0,0,0,0,0,0,0,0,0,0,0,0,0
"17KS05GB02",2017,0,0,0,0,0,0,0,0,0,0,0,0,0,0
"17KS06GB02",2017,0,0,0,0,0,0,0,0,0,0,0,0,0,0
"17KS06GB04",2017,0,0,0,0,0,0,0,0,0,0,0,0,0,0
"17KS06GB08",2017,0,0,0,0,0,0,0,0,0,0,0,0,0,1
"17KS07GB06",2017,0,0,0,0,0,0,0,1,0,0,0,0,0,1
"17KS07GB10",2017,0,0,0,0,0,0,0,0,0,0,0,0,0,0
"17KS08GB06",2017,0,0,0,0,0,0,0,0,0,0,0,0,1,1
"17KS08GB08",2017,0,0,0,0,0,0,0,0,0,0,0,0,0,1
"17KS09GB02",2017,0,1,0,0,0,0,0,1,0,0,0,0,1,1
"17KS09GB04",2017,0,1,0,0,0,0,0,0,0,0,0,0,0,1
"17KS09GB06",2017,0,1,0,0,0,0,0,1,0,0,0,0,1,1
"17KS09GB08",2017,0,0,0,0,0,0,0,0,0,0,0,0,0,0
"17KS10GB02",2017,0,0,0,0,0,0,0,0,0,0,0,0,1,0
"17KS10GB04",2017,0,1,0,0,0,0,0,0,0,0,0,0,0,1
"17KS10GB10",2017,0,0,0,0,0,0,0,0,0,0,0,0,0,0
"17KS12GB04",2017,0,0,0,0,0,0,0,0,0,0,0,0,0,0
"17MD01GB07",2017,0,0,0,0,0,0,0,0,0,0,0,0,0,1
"17MD02GB01",2017,0,0,0,0,0,0,0,0,0,0,0,0,0,1
"17MD02GB03",2017,0,0,0,0,0,0,0,0,0,0,0,0,0,0
"17MD02GB09",2017,0,0,0,0,0,0,0,0,0,0,0,0,0,0
"17MD03GB09",2017,0,0,0,0,0,0,0,0,0,0,0,0,0,0
"17MD04GB01",2017,0,0,0,0,0,0,0,0,0,0,0,0,0,0
"17MD04GB03",2017,0,0,0,0,0,0,0,0,0,0,0,0,0,0
"17MD04GB07",2017,0,0,0,0,0,0,0,0,0,0,0,0,0,0
"17MD04GB09",2017,0,0,0,0,0,0,0,0,0,0,0,0,0,0
"17MD05GB01",2017,0,0,0,0,0,0,0,0,0,0,0,0,0,0
"17MD05GB03",2017,0,0,0,0,0,0,0,0,0,0,0,0,0,1
"17MD05GB09",2017,0,0,0,0,0,0,0,0,0,0,0,0,0,0
"17MD06GB03",2017,0,0,0,0,0,0,0,0,0,0,0,0,0,0
"17MD06GB05",2017,0,0,0,0,0,0,0,0,0,0,0,0,0,0
"17MD06GB09",2017,0,0,0,0,0,0,0,0,0,0,0,0,0,0
"17MD08GB03",2017,0,0,0,0,0,0,0,0,0,0,0,0,0,0
"17MD09GB01",2017,0,1,0,0,0,0,0,0,0,0,0,0,0,1
"17MD09GB05",2017,0,0,0,0,0,0,0,0,0,0,0,0,0,0
"17MD09GB07",2017,0,0,0,0,0,0,0,0,0,0,0,0,0,0
"17MD09GB09",2017,0,0,0,0,0,0,0,0,0,0,0,0,0,0
"17MD10GB07",2017,0,0,0,0,0,0,0,0,0,0,0,0,0,0
"17MD12GB01",2017,0,0,0,0,1,0,0,1,0,0,0,0,1,1
"17MD12GB03",2017,0,0,0,0,1,0,0,1,0,0,0,0,1,1
"17MD12GB07",2017,0,0,0,0,0,0,0,0,0,0,0,0,0,1
"17OR01GB07",2017,0,0,0,0,0,0,0,0,0,0,0,0,0,1
"17OR02GB02",2017,0,0,0,0,0,0,0,0,0,0,0,0,0,0
"17OR02GB07",2017,0,0,0,0,0,0,0,1,0,0,0,0,1,1
"17OR02GB08",2017,0,0,0,0,0,0,0,0,0,0,0,0,0,0
"17OR03GB01",2017,0,0,0,0,0,0,0,0,0,0,0,1,0,0
"17OR03GB08",2017,0,0,0,0,0,0,0,0,0,0,0,0,0,0
"17OR05GB05",2017,0,0,0,0,0,0,0,0,0,0,0,0,0,0
"17OR06GB05",2017,0,0,0,0,0,0,0,0,0,0,0,0,0,0
"17OR07GB04",2017,0,0,0,0,0,0,0,0,0,0,0,0,0,0
"17OR07GB07",2017,0,0,0,0,0,0,0,0,0,0,0,0,0,0
"17OR08GB01",2017,0,0,0,0,0,0,0,0,0,0,0,0,0,0
"17OR09GB02",2017,0,1,0,0,1,0,0,1,0,0,0,0,1,1
"17OR09GB05",2017,0,0,0,0,0,0,0,0,0,0,0,0,0,0
"17OR10GB01",2017,0,0,0,0,0,0,0,0,0,0,0,0,0,0
"17OR10GB02",2017,0,0,0,0,0,0,0,0,0,0,0,0,0,0
"17OR11GB01",2017,0,0,0,0,0,0,0,0,0,0,0,0,0,0
"17OR11GB04",2017,0,0,0,0,0,0,0,0,0,0,0,0,0,0
"17OR11GB05",2017,0,0,0,0,0,0,0,0,0,0,0,0,0,0
"17OR12GB01",2017,0,0,0,0,0,0,0,0,0,0,0,0,0,0
"17OR12GB05",2017,0,0,0,0,0,0,0,0,0,0,0,0,0,0
"17PA01GB01",2017,0,0,0,0,0,0,0,0,0,0,0,0,0,0
"17PA01GB05",2017,0,0,0,0,0,0,0,0,0,0,0,0,0,0
"17PA01GB07",2017,0,1,1,0,0,0,0,0,0,0,0,0,1,1
"17PA01GB09",2017,0,0,0,0,0,0,0,0,0,0,0,0,0,0
"17PA02GB04",2017,0,1,0,0,0,0,1,1,0,0,0,0,1,1
"17PA03GB04",2017,0,0,0,0,0,0,0,0,0,0,0,0,0,0
"17PA03GB06",2017,0,0,0,0,0,0,0,0,0,0,0,0,0,0
"17PA04GB01",2017,0,0,0,0,0,0,0,0,0,0,0,0,0,0
"17PA04GB05",2017,0,1,0,0,1,0,1,1,0,0,0,0,1,1
"17PA04GB09",2017,0,1,0,0,0,0,0,0,0,0,0,0,0,1
"17PA05GB05",2017,0,0,0,0,0,0,0,0,0,0,0,0,0,0
"17PA05GB07",2017,0,0,0,0,0,0,0,0,0,0,0,0,0,0
"17PA06GB04",2017,0,0,0,0,0,0,0,0,0,0,0,0,0,1
"17PA06GB06",2017,0,0,0,0,0,0,0,0,0,0,0,0,0,0
"17PA07GB04",2017,0,0,0,0,0,0,0,0,0,0,0,0,0,0
"17PA07GB06",2017,0,0,0,0,0,0,0,0,0,0,0,0,0,0
"17PA07GB10",2017,0,0,0,0,0,0,0,0,0,0,0,0,0,1
"17PA08GB02",2017,0,0,0,0,0,0,0,0,0,0,0,0,0,0
"17PA10GB03",2017,0,0,0,0,0,0,0,0,0,0,0,0,0,0
"17PA10GB09",2017,0,0,0,0,0,0,0,0,0,0,0,0,0,0
"17PA11GB02",2017,0,0,0,0,0,0,0,0,0,0,0,0,0,0
"17PA11GB06",2017,0,0,0,0,0,0,0,0,0,0,0,0,0,0
"17PA11GB08",2017,0,0,0,0,0,0,0,0,0,0,0,0,0,0
"17SC01GB01",2017,0,0,0,0,0,0,0,0,0,0,0,0,0,0
"17SC01GB03",2017,0,0,0,0,0,0,0,0,0,0,0,0,0,0
"17SC02GB10",2017,0,0,0,0,1,0,0,0,0,0,0,1,0,1
"17SC03GB05",2017,0,0,0,0,0,0,0,0,0,0,0,0,0,0
"17SC04GB01",2017,0,0,0,0,0,0,0,0,0,0,0,0,0,1
"17SC04GB02",2017,0,0,0,0,0,0,0,0,0,0,0,0,0,1
"17SC05GB03",2017,0,0,0,0,0,0,0,0,0,0,0,0,0,0
"17SC05GB09",2017,0,0,0,0,0,0,0,0,0,0,0,0,0,0
"17SC06GB04",2017,0,0,0,0,0,0,0,0,0,0,0,0,0,1
"17SC06GB06",2017,0,0,0,0,0,0,0,0,0,0,0,0,0,0
"17SC06GB08",2017,0,0,0,0,0,0,0,0,0,0,0,0,0,0
"17SC06GB10",2017,0,0,0,0,0,0,0,0,0,0,0,0,0,0
"17SC07GB02",2017,0,0,0,0,0,0,0,0,0,0,0,0,0,0
"17SC07GB06",2017,0,0,0,0,0,0,0,0,0,0,0,0,0,0
"17SC08GB04",2017,0,0,0,0,0,0,0,0,0,0,0,0,0,0
"17SC08GB08",2017,0,0,0,0,0,0,0,0,0,0,0,0,0,1
"17SC08GB10",2017,0,0,0,0,0,0,0,0,0,0,0,0,0,0
"17SC09GB02",2017,0,0,0,0,0,0,0,0,0,0,0,0,0,0
"17SC09GB08",2017,0,0,0,0,0,0,0,0,0,0,0,0,0,0
"17SC10GB02",2017,0,0,0,0,0,0,0,0,0,0,0,0,0,0
"17SC11GB02",2017,0,0,0,0,0,0,0,0,0,0,0,0,0,0
"17SC11GB04",2017,0,0,0,0,0,0,0,0,0,0,0,0,0,0
"17SC11GB10",2017,0,0,0,0,0,0,0,0,0,0,0,0,0,0
"17SD02GB03",2017,0,0,0,0,0,0,0,0,0,0,0,0,0,0
"17SD02GB07",2017,0,0,0,0,0,0,0,0,0,0,0,0,0,0
"17SD02GB08",2017,0,0,0,0,0,0,0,0,0,0,0,0,0,0
"17SD02GB09",2017,0,0,0,0,0,0,0,0,0,0,0,0,0,0
"17SD02GB10",2017,0,0,0,0,0,0,0,0,0,0,0,0,0,0
"17SD03GB01",2017,0,0,0,0,0,0,0,0,0,0,0,0,0,0
"17SD03GB04",2017,0,0,0,0,0,0,0,0,0,0,0,0,0,1
"17SD03GB07",2017,0,0,0,0,0,0,0,0,0,0,0,0,0,0
"17SD03GB08",2017,0,0,0,0,0,0,0,0,0,0,0,0,0,1
"17SD03GB09",2017,0,1,0,0,1,0,0,1,0,0,0,0,1,1
"17SD04GB02",2017,0,0,0,0,0,0,0,0,0,0,0,0,0,0
"17SD04GB06",2017,0,0,0,0,0,0,0,0,0,0,0,0,0,0
"17SD04GB10",2017,0,0,0,0,0,0,0,0,0,0,0,0,0,0
"17SD05GB06",2017,0,0,0,0,0,0,0,0,0,0,0,0,0,0
"17SD05GB10",2017,0,0,0,0,0,0,0,0,0,0,0,0,0,0
"17SD06GB04",2017,0,0,0,0,0,0,0,0,0,0,0,0,0,1
"17SD06GB06",2017,0,0,0,0,0,0,0,0,0,0,0,0,0,0
"17SD06GB10",2017,0,0,0,0,0,0,0,0,0,0,0,0,0,0
"17SD07GB06",2017,0,0,0,0,0,0,0,0,0,0,0,0,0,1
"17SD08GB04",2017,0,1,0,0,0,0,0,1,0,0,0,0,1,1
"17SD08GB06",2017,0,0,0,0,0,0,0,0,0,0,0,0,0,0
"17SD08GB08",2017,0,0,0,0,0,0,0,1,0,0,0,0,1,1
"17SD08GB10",2017,0,0,0,0,0,0,0,0,0,0,0,0,0,0
"17SD09GB02",2017,0,1,0,0,0,0,0,0,0,0,0,0,0,1
"17SD09GB04",2017,0,0,0,0,0,0,0,0,0,0,0,0,0,0
"17SD09GB08",2017,0,0,0,0,0,0,0,0,0,0,0,0,0,0
"17SD09GB10",2017,0,0,0,0,0,0,0,0,0,0,0,0,0,0
"17SD10GB02",2017,0,0,0,0,0,0,0,0,0,0,0,0,0,0
"17SD10GB08",2017,0,0,0,0,0,0,0,0,0,0,0,0,0,0
"17SD10GB10",2017,0,0,0,0,0,0,0,0,0,0,0,0,0,0
"17SD11GB02",2017,0,0,0,0,0,0,0,0,0,0,0,0,0,0
"17SD11GB04",2017,0,0,0,0,0,0,0,0,0,0,0,0,0,0
"17SD11GB08",2017,0,0,0,0,0,0,0,0,0,0,0,0,0,0
"17SD12GB02",2017,0,0,0,0,0,0,0,0,0,0,0,0,0,1
"17SD12GB04",2017,0,0,0,0,0,0,0,0,0,0,0,0,0,0
"17SD12GB06",2017,0,0,0,0,0,0,0,0,0,0,0,0,0,0
"17TN01GB04",2017,0,0,0,0,0,0,0,0,0,0,0,0,1,1
"17TN01GB05",2017,0,0,0,0,0,0,0,0,0,0,0,0,0,0
"17TN01GB06",2017,0,0,0,0,0,0,0,0,0,0,0,0,0,1
"17TN01GB09",2017,0,0,0,0,0,0,0,0,0,0,0,0,0,0
"17TN02GB06",2017,0,0,0,0,0,0,0,1,0,0,0,0,0,1
"17TN02GB07",2017,0,0,0,0,0,0,0,0,0,0,0,0,0,1
"17TN02GB08",2017,0,0,0,0,0,0,0,0,0,0,0,0,0,0
"17TN02GB09",2017,0,0,0,0,0,0,0,0,0,0,0,0,0,1
"17TN03GB01",2017,0,0,0,0,0,0,0,0,0,0,0,0,0,0
"17TN03GB02",2017,1,1,0,0,0,0,1,1,0,0,0,0,0,1
"17TN03GB06",2017,0,0,0,0,0,0,0,0,0,0,0,0,0,0
"17TN03GB07",2017,0,0,0,0,0,0,0,0,0,0,0,0,0,1
"17TN03GB10",2017,0,0,0,0,0,0,0,0,0,0,0,0,0,0
"17TN04GB10",2017,0,0,0,0,0,0,0,0,0,0,0,0,0,0
"17TN05GB04",2017,0,0,0,0,0,0,0,0,0,0,0,0,0,1
"17TN08GB02",2017,0,1,0,0,0,0,0,0,0,0,0,0,0,0
"17TN08GB04",2017,0,1,0,0,0,0,0,0,0,0,0,0,0,0
"17TN08GB08",2017,0,0,0,0,0,0,0,0,0,0,0,0,0,0
"17TN09GB10",2017,0,0,0,0,0,0,0,0,0,0,0,0,0,1
"17TN10GB06",2017,0,0,0,0,0,0,0,0,0,0,0,0,0,0
"17TN10GB10",2017,0,0,0,0,0,0,0,0,0,0,0,0,0,0
"17TN12GB02",2017,0,0,0,0,0,0,0,0,0,0,0,0,0,0
"17TN12GB06",2017,0,0,0,0,0,0,0,0,0,0,0,0,0,0
"17TX01GB01",2017,0,0,0,0,0,0,0,0,0,0,0,0,0,0
"17TX01GB03",2017,0,0,0,0,0,0,0,0,0,0,0,0,0,0
"17TX01GB05",2017,0,0,0,0,0,0,0,0,0,0,0,0,0,0
"17TX01GB07",2017,0,0,0,0,0,0,0,0,0,0,0,0,0,0
"17TX04GB04",2017,0,0,0,0,0,0,0,0,0,0,0,0,0,0
"17TX05GB03",2017,0,0,0,0,0,0,0,0,0,0,0,0,0,0
"17TX06GB07",2017,0,0,0,0,0,0,0,0,0,0,0,0,0,0
"17TX06GB09",2017,0,0,0,0,0,0,0,0,0,0,0,0,0,0
"17TX07GB05",2017,0,0,0,0,0,0,0,0,0,0,0,0,0,0
"17TX07GB09",2017,0,0,0,0,0,0,0,0,0,0,0,0,0,0
"17TX09GB03",2017,0,0,0,0,0,0,0,0,0,0,0,1,0,0
"17TX09GB07",2017,0,0,0,0,0,0,0,0,0,0,0,1,0,0
"17TX10GB03",2017,0,0,0,0,0,0,0,0,0,0,0,0,0,0
"17TX10GB07",2017,0,0,0,0,0,0,0,0,0,0,0,0,0,0
"17TX10GB09",2017,0,0,0,0,0,0,0,0,0,0,0,0,0,0
"17TX11GB01",2017,0,0,0,0,0,0,0,0,0,0,0,0,0,0
"17TX11GB07",2017,0,0,0,0,0,0,0,0,0,0,0,0,0,0
"17TX12GB01",2017,0,0,0,0,0,0,0,0,0,0,0,0,0,0
"17TX12GB03",2017,0,0,0,0,0,0,0,0,0,0,0,0,0,0
"17TX12GB09",2017,0,0,0,0,0,0,0,0,0,0,0,0,1,0
"18CA01GB01",2018,0,0,0,0,0,0,0,0,0,0,0,0,0,0
"18CA02GB01",2018,0,0,0,0,0,0,0,0,0,0,0,0,0,0
"18CA04GB05",2018,0,0,0,0,0,0,0,0,0,0,0,0,0,0
"18CA07GB05",2018,0,0,0,0,0,0,0,1,0,0,0,0,0,0
"18CA08GB02",2018,0,0,0,0,0,0,0,0,0,0,0,0,0,0
"18CA08GB03",2018,0,0,0,0,0,0,0,0,0,0,0,0,0,0
"18CA10GB03",2018,0,0,0,0,0,0,0,0,0,0,0,0,0,0
"18CA10GB05",2018,0,0,0,0,0,0,0,0,0,0,0,0,0,0
"18CA12GB01UCD",2018,0,0,0,0,0,0,0,0,0,0,0,0,0,0
"18CA12GB03UCD",2018,0,0,0,0,0,0,0,0,0,0,0,0,0,0
"18CA12GB04UCD",2018,0,0,0,0,0,0,0,0,0,0,0,0,0,0
"18CO01GB07",2018,0,0,0,0,0,0,0,0,0,0,0,0,0,0
"18CO02GB07",2018,0,1,0,0,1,0,0,1,0,0,0,0,1,1
"18CO02GB09",2018,0,0,0,0,0,0,0,0,0,0,0,0,0,0
"18CO03GB06",2018,0,0,0,0,0,0,0,0,0,0,0,0,0,0
"18CO04GB03",2018,0,0,0,0,0,0,0,0,0,0,0,0,0,0
"18CO05GB01",2018,0,0,0,0,0,0,0,1,0,0,0,0,0,1
"18CO05GB05",2018,0,0,0,0,0,0,0,0,0,0,0,0,0,0
"18CO05GB06",2018,0,0,0,0,0,0,0,0,0,0,0,0,0,0
"18CO06GB09",2018,0,0,0,0,0,0,0,0,0,0,0,0,0,0
"18CO08GB03",2018,0,0,0,0,0,0,0,0,0,0,0,0,0,0
"18CO08GB06",2018,0,0,0,0,0,0,0,0,0,0,0,0,0,0
"18CO11GB03",2018,0,0,0,0,0,0,0,0,0,0,0,0,0,0
"18CO11GB05",2018,0,0,0,0,0,0,0,0,0,0,0,0,0,0
"18CO12GB05",2018,0,0,0,0,0,0,0,0,0,0,0,0,0,0
"18CO12GB10",2018,0,0,0,0,0,0,0,0,0,0,0,0,0,0
"18GA02GB04",2018,0,0,0,0,0,0,0,0,0,0,0,0,0,0
"18GA02GB08",2018,0,0,0,0,0,0,0,0,0,0,0,0,0,0
"18GA02GB10",2018,0,0,0,0,0,0,0,0,0,0,0,0,0,0
"18GA03GB02",2018,0,0,0,0,0,0,0,0,0,0,0,0,0,0
"18GA03GB04",2018,0,0,0,0,0,0,0,0,0,0,0,0,0,0
"18GA03GB06",2018,0,0,0,0,0,0,0,0,0,0,0,0,0,0
"18GA03GB10",2018,0,0,0,0,0,0,0,0,0,0,0,0,0,0
"18GA04GB10",2018,0,0,0,0,0,0,0,0,0,0,0,0,0,1
"18GA05VL03",2018,0,0,0,0,0,0,0,1,0,0,0,0,1,1
"18GA06GB02",2018,0,0,0,0,0,0,0,0,0,0,0,0,0,0
"18GA06GB10",2018,0,0,0,0,0,0,0,1,0,0,0,0,1,1
"18GA06VL01",2018,0,1,0,0,1,0,0,1,0,0,0,0,1,1
"18GA06VL04",2018,0,0,0,0,0,0,0,0,0,0,0,0,0,0
"18GA07GB02",2018,0,0,0,0,0,0,0,0,0,0,0,0,1,1
"18GA07VL05",2018,0,0,0,0,0,0,0,0,0,0,0,0,0,0
"18GA07VL07",2018,0,1,1,1,1,0,1,1,0,1,0,0,1,1
"18GA07VL08",2018,0,1,0,0,0,0,1,1,0,0,0,1,0,1
"18GA08GB04",2018,0,0,0,0,0,0,0,0,0,0,0,0,0,0
"18GA08GB08",2018,0,0,0,0,0,0,0,0,0,0,0,0,0,0
"18GA08GB10",2018,0,0,0,0,0,0,0,0,0,0,0,0,0,0
"18GA08VL01",2018,0,1,0,0,1,0,1,1,0,0,0,0,1,1
"18GA08VL04",2018,0,1,0,0,0,0,0,1,0,0,0,0,1,1
"18GA08VL07",2018,0,1,0,0,1,0,1,1,0,0,0,0,1,1
"18GA12GB04",2018,0,0,0,0,0,0,0,0,0,0,0,0,0,0
"18IA01GB06",2018,0,0,0,0,0,0,0,0,0,0,0,0,0,1
"18IA02GB04",2018,0,0,0,0,0,0,0,0,0,0,0,0,0,0
"18IA02GB06",2018,0,0,0,0,0,0,0,0,0,0,0,0,0,1
"18IA02GB10",2018,0,0,0,0,0,0,0,0,0,0,0,0,0,0
"18IA03GB04",2018,0,0,0,0,0,0,0,0,0,0,0,0,0,1
"18IA03GB10",2018,0,0,0,0,0,0,0,0,0,0,0,0,0,0
"18IA04GB02",2018,0,0,0,0,0,0,0,0,0,0,0,0,0,0
"18IA04GB06",2018,0,0,0,0,0,0,0,0,0,0,0,0,0,0
"18IA05GB02",2018,0,0,0,0,0,0,0,0,0,0,0,0,0,0
"18IA05GB08",2018,0,0,0,0,0,0,0,0,0,0,0,0,0,0
"18IA06GB06",2018,0,0,0,0,0,0,0,0,0,0,0,0,0,0
"18IA07GB02",2018,0,0,0,0,0,0,0,0,0,0,0,0,0,0
"18IA07GB04",2018,0,0,0,0,0,0,0,0,0,0,0,0,0,0
"18IA07GB08",2018,0,0,0,0,0,0,0,0,0,0,0,0,0,0
"18IA08GB04",2018,0,0,0,0,0,0,0,0,0,0,0,0,0,1
"18IA08GB08",2018,0,0,0,0,0,0,0,0,0,0,0,0,0,0
"18IA09GB02",2018,0,0,0,0,0,0,0,0,0,0,0,0,1,1
"18IA09GB04",2018,0,0,0,0,0,0,0,0,0,0,0,0,0,0
"18IA10GB04",2018,0,0,0,0,0,0,0,0,0,0,0,0,0,0
"18IA10GB08",2018,0,0,0,0,0,0,0,0,0,0,0,0,0,0
"18IA11GB02",2018,0,0,0,0,0,0,0,0,0,0,0,0,0,0
"18IA12GB02",2018,0,0,0,0,0,0,0,1,0,0,0,0,1,0
"18IA12GB06",2018,0,1,0,0,1,0,0,1,0,0,0,0,1,1
"18KS01GB02",2018,0,0,0,0,0,0,0,0,0,0,0,0,0,0
"18KS02GB06",2018,0,0,0,0,0,0,0,0,0,0,0,0,0,0
"18KS02GB10",2018,0,0,0,0,0,0,0,0,0,0,0,0,0,0
"18KS03GB02",2018,0,0,0,0,0,0,0,0,0,0,0,0,0,0
"18KS03GB04",2018,0,0,0,0,0,0,0,0,0,0,0,0,0,0
"18KS03GB08",2018,0,0,0,0,0,0,0,0,0,0,0,0,0,0
"18KS03GB10",2018,0,0,0,0,0,0,0,0,0,0,0,0,0,1
"18KS04GB08",2018,0,0,0,0,0,0,0,0,0,0,0,0,1,1
"18KS05GB02",2018,0,0,0,0,0,0,0,0,0,0,0,0,0,0
"18KS05GB06",2018,0,0,0,0,0,0,0,0,0,0,0,0,0,0
"18KS05GB08",2018,0,0,0,0,0,0,0,0,0,0,0,0,0,0
"18KS06GB04",2018,0,0,0,0,0,0,0,0,0,0,0,0,0,0
"18KS06GB10",2018,0,0,0,0,0,0,0,0,0,0,0,0,0,1
"18KS07GB06",2018,0,0,0,0,0,0,0,0,0,0,0,0,0,0
"18KS07GB10",2018,0,0,0,0,0,0,0,0,0,0,0,0,0,0
"18KS08GB04",2018,0,0,0,0,0,0,0,0,0,0,0,0,0,0
"18KS08GB08",2018,0,0,0,0,0,0,0,0,0,0,0,0,0,1
"18KS09GB02",2018,0,0,0,0,0,0,0,0,0,0,0,0,0,0
"18KS09GB04",2018,0,0,0,0,0,0,0,0,0,0,0,0,0,1
"18KS09GB06",2018,0,0,0,0,0,0,0,0,0,0,0,0,0,0
"18KS09GB08",2018,0,0,0,0,0,0,0,0,0,0,0,0,0,0
"18KS09GB10",2018,0,0,0,0,0,0,0,0,0,0,0,0,0,0
"18KS10GB02",2018,0,0,0,0,0,0,0,0,0,0,0,0,0,0
"18KS10GB04",2018,0,0,0,0,0,0,0,0,0,0,0,0,0,0
"18KS10GB06",2018,0,0,0,0,0,0,0,0,0,0,0,0,0,1
"18KS10GB10",2018,0,0,0,0,0,0,0,0,0,0,0,0,0,1
"18KS11GB04",2018,0,0,0,0,0,0,0,0,0,0,0,0,0,0
"18KS11GB10",2018,0,0,0,0,0,0,0,0,0,0,0,0,0,0
"18KS12GB02",2018,0,0,0,0,0,0,0,0,0,0,0,0,0,0
"18KS12GB04",2018,0,0,0,0,0,0,0,0,0,0,0,0,0,0
"18KS12GB06",2018,0,0,0,0,0,0,0,0,0,0,0,0,0,0
"18KS12GB10",2018,0,0,0,0,0,0,0,0,0,0,0,0,0,0
"18MD01GB01",2018,0,0,0,0,0,0,0,0,0,0,0,0,0,1
"18MD02GB01",2018,0,0,0,0,0,0,0,0,0,0,0,0,0,0
"18MD03GB03",2018,0,0,0,0,0,0,0,0,0,0,0,0,0,0
"18MD03GB07",2018,0,0,0,0,0,0,0,0,0,0,0,0,0,0
"18MD04GB01",2018,0,0,0,0,0,0,0,0,0,0,0,0,0,0
"18MD04GB03",2018,0,0,0,0,0,0,0,0,0,0,0,0,0,0
"18MD04GB05",2018,0,0,0,0,0,0,0,0,0,0,0,0,0,0
"18MD04GB09",2018,0,0,0,0,0,0,0,0,0,0,0,0,0,0
"18MD04VL01",2018,0,1,0,0,1,0,1,1,0,1,0,0,1,1
"18MD04VL03",2018,0,0,0,0,0,0,0,0,0,0,0,0,0,0
"18MD05VL07",2018,0,1,0,0,0,0,1,1,0,0,0,0,1,1
"18MD06GB01",2018,0,0,0,0,0,0,0,0,0,0,0,0,0,0
"18MD06GB05",2018,0,0,0,0,0,0,0,0,0,0,0,0,0,1
"18MD06GB09",2018,0,0,0,0,0,0,0,0,0,0,0,0,0,0
"18MD08GB07",2018,0,0,0,0,0,0,0,0,0,0,0,0,0,0
"18MD08VL05",2018,0,1,0,0,1,0,1,1,0,0,0,0,1,1
"18MD09GB09",2018,0,0,0,0,0,0,0,0,0,0,0,0,0,0
"18MD09VL05",2018,1,1,1,0,1,0,1,1,1,1,0,1,1,1
"18MD09VL07",2018,0,0,0,0,0,0,0,0,0,0,0,0,0,1
"18MD10GB01",2018,0,0,0,0,0,0,0,0,0,0,0,0,0,0
"18MD10GB07",2018,0,0,0,0,0,0,0,0,0,0,0,0,0,0
"18MD11VL03",2018,0,0,0,0,0,0,0,0,0,0,0,0,0,0
"18MD12GB01",2018,0,0,0,0,0,0,0,0,0,0,0,0,0,0
"18MD12GB03",2018,0,0,0,0,0,0,0,0,0,0,0,0,0,0
"18NC01GB01",2018,0,0,0,0,0,0,0,0,0,0,0,0,0,0
"18NC01GB02",2018,0,0,0,0,0,0,0,0,0,0,0,0,0,0
"18NC01GB05",2018,0,0,0,0,0,0,0,0,0,0,0,0,0,0
"18NC02GB06",2018,0,0,0,0,0,0,0,0,0,0,0,0,0,0
"18NC02GB08",2018,0,0,0,0,0,0,0,0,0,0,0,0,0,0
"18NC03GB02",2018,0,0,0,0,0,0,0,1,0,0,0,0,1,1
"18NC03GB04",2018,0,0,0,0,0,0,0,0,0,0,0,0,0,0
"18NC03GB06",2018,0,0,0,0,0,0,0,1,0,0,0,0,0,1
"18NC05GB02",2018,0,0,0,0,0,0,0,0,0,0,0,0,0,0
"18NC05GB10",2018,0,0,0,0,0,0,0,0,0,0,0,0,0,1
"18NC06GB02",2018,0,0,0,0,0,0,0,0,0,0,0,0,0,0
"18NC06GB06",2018,0,0,0,0,0,0,0,0,0,0,0,0,0,0
"18NC07GB10",2018,0,0,0,0,0,0,0,0,0,0,0,0,0,0
"18NC08GB02",2018,0,0,0,0,0,0,0,0,0,0,0,0,1,1
"18NC08GB06",2018,0,1,0,0,0,0,0,0,0,0,0,0,1,1
"18NC09GB10",2018,0,0,0,0,0,0,0,1,0,0,0,0,1,1
"18NC11GB06",2018,0,0,0,0,0,0,0,0,0,0,0,0,0,1
"18NC12GB04",2018,0,0,0,0,0,0,0,0,0,0,0,0,0,0
"18NC12GB08",2018,0,0,0,0,0,0,0,0,0,0,0,0,0,1
"18NY05VL02",2018,0,0,0,0,0,0,0,0,0,0,0,0,0,1
"18NY06VL04",2018,0,1,0,0,0,0,1,1,0,0,0,0,1,1
"18OR02GB07",2018,0,0,0,0,0,0,0,0,0,0,0,0,0,0
"18OR03GB05",2018,0,0,0,0,0,0,0,0,0,0,0,0,0,0
"18OR04GB01",2018,0,0,0,0,0,0,0,0,0,0,0,0,1,1
"18OR04VL01",2018,0,0,0,0,0,0,0,0,0,0,0,0,0,0
"18OR05GB04",2018,0,0,0,0,0,0,0,0,0,0,0,0,0,0
"18OR05VL05",2018,0,0,0,0,0,0,0,0,0,0,0,0,0,0
"18OR06GB05",2018,0,0,0,0,0,0,0,0,0,0,0,0,0,0
"18OR07VL04",2018,0,0,0,0,0,0,0,0,0,0,0,1,0,1
"18OR09GB01",2018,0,0,0,0,0,0,0,0,0,0,0,0,0,0
"18OR09GB05",2018,0,0,0,0,0,0,0,0,0,0,0,0,0,0
"18OR10GB01",2018,0,0,0,0,0,0,0,1,0,0,0,0,1,1
"18OR12GB01",2018,0,0,0,0,0,0,0,0,0,0,0,0,0,0
"18OR12GB02",2018,0,0,0,0,0,0,0,0,0,0,0,0,0,0
"18PA01GB10",2018,1,1,0,0,0,0,0,1,0,0,0,0,1,1
"18PA02GB08",2018,0,0,0,0,0,0,0,0,0,0,0,0,0,0
"18PA02GB10",2018,0,0,0,0,0,0,0,0,0,0,0,0,0,0
"18PA03GB03",2018,0,0,0,0,0,0,0,0,0,0,0,0,0,0
"18PA04GB10",2018,0,0,0,0,0,0,0,0,0,0,0,0,0,0
"18PA05VL05",2018,0,0,0,0,0,0,0,0,0,0,0,0,1,1
"18PA05VL10",2018,0,0,0,0,0,0,0,0,0,0,0,0,0,0
"18PA06GB02",2018,0,0,0,0,1,0,0,1,0,0,0,0,1,1
"18PA06GB06",2018,0,0,0,0,0,0,0,0,0,0,0,0,0,0
"18PA06GB10",2018,0,0,0,0,0,0,0,0,0,0,0,0,0,0
"18PA07GB01",2018,0,0,0,0,0,0,0,0,0,0,0,0,1,0
"18PA07GB07",2018,0,0,0,0,0,0,0,0,0,0,0,0,0,1
"18PA08GB01",2018,0,0,0,0,0,0,0,0,0,0,0,0,0,0
"18PA08GB03",2018,0,0,0,0,0,0,0,0,0,0,0,0,0,0
"18PA08GB05",2018,0,0,0,0,0,0,0,0,0,0,0,0,0,0
"18PA08VL01",2018,0,0,0,0,0,0,0,0,0,0,0,0,0,0
"18PA08VL03",2018,1,0,0,0,0,0,0,0,0,0,0,0,0,0
"18PA08VL04",2018,0,0,0,0,0,0,0,0,0,0,0,0,0,0
"18PA08VL08",2018,0,0,0,0,0,0,0,0,0,0,0,0,0,0
"18PA09GB03",2018,0,0,0,0,0,0,0,0,0,0,0,0,0,0
"18PA09GB05",2018,0,0,0,0,0,0,0,0,0,0,0,0,0,0
"18PA09VL04",2018,0,0,0,0,0,0,0,0,0,0,0,0,0,0
"18PA11GB03",2018,0,0,0,0,0,0,0,0,0,0,0,0,1,1
"18PA11GB05",2018,0,0,0,0,0,0,0,0,0,0,0,0,0,0
"18PA11GB07",2018,0,0,0,0,0,0,0,0,0,0,0,0,0,0
"18PA12GB01",2018,0,0,0,0,0,0,0,0,0,0,0,0,0,0
"18PA12GB03",2018,0,0,0,0,0,0,0,0,0,0,0,0,0,0
"18PA12GB07",2018,0,0,0,0,0,0,0,0,0,0,0,0,0,0
"18SC01GB02",2018,0,0,0,0,0,0,0,0,0,0,0,0,0,0
"18SC01GB06",2018,0,0,0,0,0,0,0,0,0,0,0,0,0,0
"18SC01GB08",2018,0,0,0,0,0,0,0,0,0,0,0,0,0,0
"18SC02GB02",2018,0,0,0,0,0,0,0,0,0,0,0,0,0,1
"18SC02GB04",2018,0,0,0,0,0,0,0,0,0,0,0,0,0,0
"18SC02GB08",2018,0,0,0,0,1,0,0,1,0,0,0,1,1,1
"18SC03GB02",2018,0,0,0,0,0,0,0,0,0,0,0,0,0,1
"18SC03GB06",2018,0,0,0,0,0,0,0,0,0,0,0,0,0,0
"18SC03GB09",2018,0,0,0,0,0,0,0,0,0,0,0,0,0,0
"18SC04GB04",2018,0,0,0,0,0,0,0,0,0,0,0,0,0,0
"18SC04GB06",2018,0,0,0,0,0,0,0,0,0,0,0,0,0,0
"18SC04GB08",2018,0,0,0,0,0,0,0,0,0,0,0,0,0,0
"18SC04VL02",2018,0,0,0,0,1,0,0,0,0,0,0,1,0,1
"18SC04VL04",2018,1,1,1,0,1,0,1,1,1,1,0,0,1,1
"18SC05GB02",2018,0,0,0,0,0,0,0,0,0,0,0,0,0,0
"18SC05GB04",2018,0,0,0,0,0,0,0,0,0,0,0,0,0,0
"18SC05GB06",2018,0,0,0,0,0,0,0,0,0,0,0,0,0,0
"18SC05GB10",2018,0,0,0,0,0,0,0,0,0,0,0,0,0,0
"18SC05VL02",2018,1,1,1,0,1,0,1,1,0,0,0,1,1,1
"18SC06GB06",2018,0,0,0,0,0,0,0,0,0,0,0,0,0,0
"18SC06GB08",2018,0,0,0,0,0,0,0,0,0,0,0,0,0,0
"18SC06VL10",2018,0,0,0,0,0,0,0,0,0,0,0,0,0,0
"18SC06VL14",2018,0,0,0,0,0,0,0,0,0,0,0,0,0,0
"18SC07GB08",2018,0,0,0,0,0,0,0,0,0,0,0,0,0,0
"18SC08GB06",2018,0,0,0,0,0,0,0,0,0,0,0,0,0,1
"18SC08GB10",2018,0,0,0,0,0,0,0,0,0,0,0,0,0,0
"18SC09GB10",2018,0,0,0,0,0,0,0,0,0,0,0,0,0,0
"18SC09VL02",2018,0,0,0,0,0,0,0,0,0,0,0,0,0,0
"18SC10GB02",2018,0,0,0,0,0,0,0,0,0,0,0,0,0,0
"18SC10GB04",2018,0,0,0,0,0,0,0,0,0,0,0,0,0,0
"18SC10GB08",2018,0,0,0,0,0,0,0,1,0,1,0,0,1,0
"18SC10GB10",2018,0,0,0,0,0,0,0,0,0,0,0,0,0,0
"18SC10VL06",2018,0,1,0,0,0,0,0,0,0,0,0,0,0,1
"18SC11GB02",2018,0,0,0,0,0,0,0,0,0,0,0,0,0,0
"18SC11GB04",2018,0,0,0,0,0,0,0,0,0,0,0,0,0,1
"18SC11GB06",2018,0,0,0,0,1,1,1,1,0,0,0,1,1,1
"18SC11VL02",2018,0,0,0,0,0,0,0,0,0,0,0,0,0,0
"18SC12GB04",2018,0,1,0,0,0,0,0,0,0,0,0,0,1,1
"18SC12GB10",2018,0,0,0,0,0,0,0,0,0,0,0,0,0,0
"18SC12VL06",2018,0,1,0,0,0,0,1,1,0,0,0,0,1,1
"18SD01GB02",2018,0,0,0,0,0,0,0,1,0,0,0,0,0,1
"18SD02GB06",2018,0,0,0,0,0,0,0,0,0,0,0,0,0,0
"18SD03GB06",2018,0,0,0,0,0,0,0,0,0,0,0,0,0,0
"18SD05GB06",2018,0,0,0,0,0,0,0,0,0,0,0,0,0,0
"18SD06GB04",2018,0,0,0,0,0,0,0,0,0,0,0,0,0,0
"18SD06GB08",2018,0,0,0,0,0,0,0,0,0,0,0,0,0,0
"18SD07GB02",2018,0,0,0,0,0,0,0,0,0,0,0,0,0,0
"18SD07GB04",2018,0,0,0,0,0,0,0,0,0,0,0,0,0,0
"18SD07GB06",2018,0,0,0,0,0,0,0,0,0,0,0,NA,1,0
"18SD08GB06",2018,0,0,0,0,0,0,0,0,0,0,0,0,0,0
"18SD08GB08",2018,0,0,0,0,0,0,0,0,0,0,0,0,1,1
"18SD09GB02",2018,0,0,0,0,0,0,0,0,0,0,0,0,0,0
"18SD09GB04",2018,0,0,0,0,0,0,0,0,0,0,0,0,0,0
"18SD09GB06",2018,0,0,0,0,0,0,0,0,0,0,0,0,0,0
"18SD09GB08",2018,0,0,0,0,0,0,0,0,0,0,0,0,0,0
"18SD10GB02",2018,0,0,0,0,0,0,0,0,0,0,0,0,0,0
"18SD10GB06",2018,0,0,0,0,0,0,0,1,0,0,0,0,1,1
"18SD10GB10",2018,0,0,0,0,0,0,0,0,0,0,0,0,0,0
"18SD11GB02",2018,0,0,0,0,0,0,0,0,0,0,0,0,0,0
"18SD11GB06",2018,0,0,0,0,0,0,0,0,0,0,0,0,0,0
"18SD11GB10",2018,0,0,0,0,0,0,0,0,0,0,0,0,0,0
"18SD12GB02",2018,0,0,0,0,0,0,0,0,0,0,0,0,0,0
"18SD12VL02",2018,0,0,0,0,0,0,0,0,0,0,0,0,0,0
"18TN01GB06",2018,0,0,0,0,0,0,0,1,0,0,0,0,1,1
"18TN02GB08",2018,0,0,0,0,1,0,0,1,0,0,0,0,1,1
"18TN03GB02",2018,0,0,0,0,0,0,0,1,0,0,0,0,1,1
"18TN03GB08",2018,0,0,0,0,0,0,0,0,0,0,0,0,0,1
"18TN04GB02",2018,0,0,0,0,0,0,0,0,0,0,0,0,0,0
"18TN04GB08",2018,0,0,0,0,0,0,0,0,0,0,0,0,0,0
"18TN04VL06",2018,0,0,0,0,1,0,1,1,0,0,0,0,0,1
"18TN05GB01",2018,0,0,0,0,0,0,0,0,0,0,0,0,0,0
"18TN05GB02",2018,0,1,0,0,0,0,0,0,0,0,0,0,0,1
"18TN05GB04",2018,0,0,0,0,0,0,0,0,0,0,0,0,0,0
"18TN05GB05",2018,0,0,0,0,0,0,0,0,0,0,0,0,0,0
"18TN05VL10",2018,0,0,0,0,1,0,0,1,0,0,0,0,1,1
"18TN06GB01",2018,0,0,0,0,0,0,0,0,0,0,0,0,0,0
"18TN06GB04",2018,0,0,0,0,0,0,0,0,0,0,0,0,0,0
"18TN07GB03",2018,0,0,0,0,0,0,0,0,0,0,0,0,0,1
"18TN07GB05",2018,0,0,0,0,0,0,0,0,0,0,0,0,0,0
"18TN08GB01",2018,0,0,0,0,0,0,0,0,0,0,0,0,0,0
"18TN08GB02",2018,0,0,0,0,0,0,0,0,0,0,0,0,0,0
"18TN09GB02",2018,0,0,0,0,0,0,0,0,0,0,0,0,0,0
"18TN09VL02",2018,0,1,0,0,1,0,0,1,0,0,0,0,1,1
"18TN09VL10",2018,1,1,1,1,0,0,1,1,1,0,0,0,1,1
"18TN10GB01K",2018,0,0,0,0,0,0,0,0,0,0,0,0,0,0
"18TN10GB04",2018,0,0,0,0,0,0,0,0,0,0,0,0,0,0
"18TN10GB05K",2018,0,0,0,0,0,0,0,0,0,0,0,0,0,0
"18TN10VL01",2018,1,1,1,0,0,0,1,1,1,0,0,0,0,1
"18TN10VL03",2018,0,0,0,0,0,0,0,0,0,0,0,0,0,1
"18TN10VL05",2018,0,0,0,0,0,0,1,0,0,0,0,0,0,1
"18TN11GB03K",2018,0,0,0,0,0,0,0,0,0,0,0,0,0,0
"18TN11VL04",2018,0,1,0,0,1,0,1,1,0,0,0,0,1,1
"18TN12GB03K",2018,0,0,0,0,0,0,0,0,0,0,0,0,0,0
"18TN12GB05K",2018,0,0,0,0,0,0,0,0,0,0,0,0,0,0
"18TN12VL01K",2018,0,1,0,0,1,0,1,1,0,0,0,0,1,1
"18TN12VL03K",2018,0,1,0,0,0,0,1,1,0,0,0,0,1,1
"18TN12VL05K",2018,0,0,0,0,0,0,0,0,0,0,0,0,0,0
"18TN12VL07K",2018,0,1,0,0,0,0,1,1,0,0,0,0,1,1
"18TX01GB01",2018,0,0,0,0,0,0,0,0,0,0,0,0,0,0
"18TX01GB07",2018,0,0,0,0,0,0,0,0,0,0,0,0,0,0
"18TX02GB03",2018,0,0,0,0,0,0,0,0,0,0,0,0,0,0
"18TX02GB05",2018,0,0,0,0,0,0,0,0,0,0,0,0,0,0
"18TX03GB01",2018,0,0,0,0,0,0,0,0,0,0,0,0,0,0
"18TX03GB03",2018,0,0,0,0,0,0,0,0,0,0,0,0,0,0
"18TX04GB01",2018,0,0,0,0,0,0,0,0,0,0,0,0,0,0
"18TX06GB03",2018,0,0,0,0,0,0,0,0,0,0,0,0,0,0
"18TX06GB09",2018,0,0,0,0,0,0,0,0,0,0,0,0,0,0
"18TX07GB03",2018,0,0,0,0,0,0,0,0,0,0,0,0,0,0
"18TX08GB03",2018,0,0,0,0,0,0,0,0,0,0,0,0,0,0
"18TX08GB07",2018,0,0,0,0,0,0,0,0,0,0,0,0,0,0
"18TX09GB03",2018,0,0,0,0,0,0,0,0,0,0,0,0,0,0
"18TX09GB07",2018,0,0,0,0,0,0,0,0,0,0,0,0,0,0
"18TX09GB09",2018,0,0,0,0,0,0,0,0,0,0,0,0,0,0
"18TX11GB01",2018,0,0,0,0,0,0,0,0,0,0,0,0,1,1
"18TX11GB03",2018,0,0,0,0,0,0,0,0,0,0,0,0,0,0
"18TX11GB05",2018,0,1,0,0,1,0,0,1,0,0,0,0,1,1
"18TX11GB09",2018,0,0,0,0,0,0,0,0,0,0,0,0,0,0
"18TX12GB05",2018,0,0,0,0,0,0,0,0,0,0,0,0,0,0
"18TX12GB09",2018,0,0,0,0,0,0,0,0,0,0,0,0,0,0
"19CA01GB10UCD",2019,0,0,0,0,0,0,0,0,0,0,0,0,0,0
"19CO01GB05",2019,0,0,0,0,0,0,0,0,0,0,0,0,0,0
"19CO01GB10",2019,0,0,0,0,0,0,0,1,0,0,0,0,1,1
"19CO02GB01",2019,0,0,0,0,0,0,0,0,0,0,0,0,0,1
"19CO02GB10",2019,0,0,0,0,0,0,0,0,0,0,0,0,0,0
"19CO03GB06",2019,0,0,0,0,0,0,0,0,0,0,0,0,0,0
"19CO04GB02",2019,0,0,0,0,0,0,0,0,0,0,0,0,0,0
"19CO04GB08",2019,0,0,0,0,0,0,0,0,0,0,0,0,0,0
"19CO04GB10",2019,0,0,0,0,0,0,0,0,0,0,0,0,0,0
"19CO05GB04",2019,0,0,0,0,0,0,0,0,0,0,0,0,0,0
"19CO05GB10",2019,0,0,0,0,0,0,0,0,0,0,0,0,0,0
"19CO06GB02",2019,0,0,0,0,0,0,0,1,0,0,0,0,1,1
"19CO06GB06",2019,0,0,0,0,0,0,0,0,0,0,0,0,0,0
"19CO06GB08",2019,0,0,0,0,0,0,0,0,0,0,0,0,0,0
"19CO06GB10",2019,0,0,0,0,0,0,0,0,0,0,0,0,0,1
"19CO08GB02",2019,0,0,0,0,0,0,0,0,0,0,0,0,0,0
"19CO08GB04",2019,0,0,0,0,0,0,0,0,0,0,0,0,0,0
"19CO08GB10",2019,0,0,0,0,0,0,0,0,0,0,0,0,0,0
"19CO09GB05",2019,0,0,0,0,0,0,0,0,0,0,0,0,0,0
"19CO09GB06",2019,0,0,0,0,0,0,0,0,0,0,0,0,0,0
"19CO09GB08",2019,0,0,0,0,0,0,0,0,0,0,0,0,0,0
"19CO09GB10",2019,0,0,0,0,0,0,0,0,0,0,0,0,0,0
"19CO10GB02",2019,0,0,0,0,0,0,0,0,0,0,0,0,0,0
"19CO10GB08",2019,0,0,0,0,0,0,0,0,0,0,0,0,0,0
"19CO11GB06",2019,0,0,0,0,0,0,0,0,0,0,0,0,0,0
"19CO12GB02",2019,0,0,0,0,0,0,0,0,0,0,0,0,0,0
"19CO12GB04",2019,0,0,0,0,0,0,0,0,0,0,0,0,0,1
"19GA01GB02",2019,0,0,0,0,0,0,0,0,0,0,0,0,0,0
"19GA01GB05",2019,0,0,0,0,0,0,0,1,0,0,0,0,1,1
"19GA01GB07",2019,0,0,0,0,0,0,0,0,0,0,0,0,0,0
"19GA01GB09",2019,0,0,0,0,0,0,0,0,0,0,0,0,0,0
"19GA02GB06",2019,0,0,0,0,0,0,0,0,0,0,0,0,0,0
"19GA03GB04",2019,0,0,0,0,0,0,0,0,0,0,0,0,1,1
"19GA03GB06",2019,0,0,0,0,0,0,0,0,0,0,0,0,0,0
"19GA03GB10",2019,0,0,0,0,0,0,0,0,0,0,0,0,0,0
"19GA05GB01",2019,0,0,0,0,0,0,0,0,0,0,0,0,0,0
"19GA05GB02",2019,0,0,0,0,0,0,0,0,0,0,0,0,0,0
"19GA05GB03",2019,0,0,0,0,0,0,0,0,0,0,0,0,0,0
"19GA05GB04",2019,0,0,0,0,0,0,0,0,0,0,0,0,0,0
"19GA05GB05",2019,0,1,0,0,1,0,0,1,0,0,0,0,1,1
"19GA05GB06",2019,0,0,0,0,0,0,0,0,0,0,0,0,0,0
"19GA05GB07",2019,0,0,0,0,0,0,0,0,0,0,0,0,0,0
"19GA05GB08",2019,0,0,0,0,0,0,0,0,0,0,0,0,0,0
"19GA05GB10",2019,0,0,0,0,0,0,0,0,0,0,0,0,0,0
"19GA06GB01",2019,0,0,0,0,0,0,0,0,0,0,0,0,0,0
"19GA06GB03",2019,0,0,0,0,0,0,0,0,0,0,0,0,0,0
"19GA06GB04",2019,0,0,0,0,0,0,0,0,0,0,0,0,0,0
"19GA06GB05",2019,0,0,0,0,0,0,0,0,0,0,0,0,0,0
"19GA06GB06",2019,0,0,0,0,0,0,0,0,0,0,0,0,0,0
"19GA06GB08",2019,0,0,0,0,0,0,0,0,0,0,0,0,0,0
"19GA06GB09",2019,0,0,0,0,0,0,0,0,0,0,0,0,0,0
"19GA06GB10",2019,0,0,0,0,0,0,0,0,0,0,0,0,0,0
"19GA07GB01",2019,0,0,0,0,0,0,0,0,0,0,0,0,0,0
"19GA07GB02",2019,0,0,0,0,0,0,0,0,0,0,0,0,0,0
"19GA07GB05",2019,0,0,0,0,0,0,0,0,0,0,0,0,0,0
"19GA07GB09",2019,0,0,0,0,0,0,0,0,0,0,0,0,0,0
"19GA08GB03",2019,0,0,0,0,0,0,0,0,0,0,0,0,0,1
"19GA08GB04",2019,0,0,0,0,0,0,0,0,0,0,0,0,0,0
"19GA08GB05",2019,0,0,0,0,0,0,0,0,0,0,0,0,0,0
"19GA08GB06",2019,0,0,0,0,0,0,0,1,0,0,0,0,1,1
"19GA08GB10",2019,0,0,0,0,0,0,0,0,0,0,0,0,0,0
"19GA09GB01",2019,0,0,0,0,0,0,0,0,0,0,0,0,0,0
"19GA09GB02",2019,0,0,0,0,0,0,0,0,0,0,0,0,0,0
"19GA09GB03",2019,0,1,0,0,1,0,0,1,0,0,0,0,1,1
"19GA09GB04",2019,0,0,0,0,0,0,0,0,0,0,0,0,0,0
"19GA09GB06",2019,0,0,0,0,0,0,0,0,0,0,0,0,0,0
"19GA09GB07",2019,0,0,0,0,0,0,0,0,0,0,0,0,0,0
"19GA09GB08",2019,0,0,0,0,0,0,0,0,0,0,0,0,0,1
"19GA09GB09",2019,0,0,0,0,0,0,0,0,0,0,0,0,0,0
"19GA09GB10",2019,0,0,0,0,0,0,0,1,0,0,0,0,0,1
"19GA10GB01",2019,0,0,0,0,0,0,0,0,0,0,0,0,0,0
"19GA10GB03",2019,0,0,0,0,0,0,0,0,0,0,0,0,0,0
"19GA10GB05",2019,0,0,0,0,0,0,0,0,0,0,0,0,0,0
"19GA10GB07",2019,0,0,0,0,0,0,0,0,0,0,0,0,0,0
"19GA11GB04",2019,0,0,0,0,0,0,0,0,0,0,0,0,0,0
"19GA12GB02",2019,0,0,0,0,0,0,0,0,0,0,0,0,0,0
"19GA12GB06",2019,0,0,0,0,0,0,0,0,0,0,0,0,0,0
"19GA12GB08",2019,0,0,0,0,0,0,0,0,0,0,0,0,0,0
"19IA01GB02",2019,0,0,0,0,0,0,0,0,0,0,0,0,0,1
"19IA01GB04",2019,0,0,0,0,0,0,0,0,0,0,0,0,0,0
"19IA01GB06",2019,0,0,0,0,0,0,0,0,0,0,0,0,0,0
"19IA02GB02",2019,0,0,0,0,0,0,0,0,0,0,0,0,0,0
"19IA02GB08",2019,0,0,0,0,0,0,0,0,0,0,0,0,1,0
"19IA03GB02",2019,0,1,0,0,1,0,0,1,0,0,0,0,1,1
"19IA03GB04",2019,0,0,0,0,0,0,0,0,0,0,0,0,0,0
"19IA03GB10",2019,0,0,0,0,0,0,0,1,0,0,0,0,1,1
"19IA04GB04",2019,0,0,0,0,0,0,0,0,0,0,0,0,0,0
"19IA04GB06",2019,0,0,0,0,0,0,0,0,0,0,0,0,0,0
"19IA04GB08",2019,0,0,0,0,0,0,0,0,0,0,0,0,0,0
"19IA05GB02",2019,0,0,0,0,0,0,0,0,0,0,0,0,0,0
"19IA05GB04",2019,0,0,0,0,0,0,0,0,0,0,0,0,0,0
"19IA06GB02",2019,0,0,0,0,0,0,0,0,0,0,0,0,0,0
"19IA06GB08",2019,0,0,0,0,0,0,0,0,0,0,0,0,0,0
"19IA06GB10",2019,0,0,0,0,0,0,0,0,0,0,0,0,0,1
"19IA07GB02",2019,0,0,0,0,0,0,0,0,0,0,0,0,0,0
"19IA07GB04",2019,0,0,0,0,0,0,0,0,0,0,0,0,0,0
"19IA07GB08",2019,0,0,0,0,0,0,0,0,0,0,0,0,0,0
"19IA07GB10",2019,0,0,0,0,0,0,0,0,0,0,0,0,0,0
"19IA08GB06",2019,0,0,0,0,0,0,0,0,0,0,0,0,0,0
"19IA08GB10",2019,0,0,0,0,0,0,0,0,0,0,0,0,0,0
"19IA09GB02",2019,0,0,0,0,0,0,0,0,0,0,0,0,1,0
"19IA09GB06",2019,0,0,0,0,0,0,0,0,0,0,0,0,0,0
"19IA09GB10",2019,0,0,0,0,0,0,0,0,0,0,0,0,0,0
"19IA11GB02",2019,0,0,0,0,0,0,0,0,0,0,0,0,0,0
"19IA11GB04",2019,0,0,0,0,0,0,0,0,0,0,0,0,0,0
"19IA11GB08",2019,0,0,0,0,0,0,0,0,0,0,0,0,0,1
"19IA11GB10",2019,0,0,0,0,0,0,0,0,0,0,0,0,0,0
"19IA12GB04",2019,0,0,0,0,1,0,0,1,0,0,0,1,1,1
"19IA12GB08",2019,0,0,0,0,0,0,0,0,0,0,0,0,0,0
"19MD01GB07",2019,0,0,0,0,0,0,0,0,0,0,0,0,0,0
"19MD02GB01",2019,0,0,0,0,0,0,0,0,0,0,0,0,0,0
"19MD02GB05",2019,0,0,0,0,0,0,0,0,0,0,0,0,0,0
"19MD03GB07",2019,0,0,0,0,0,0,0,1,0,0,0,0,1,1
"19MD04GB03",2019,0,0,0,0,0,0,0,0,0,0,0,0,0,1
"19MD04GB05",2019,0,0,0,0,0,0,0,0,0,0,0,0,0,1
"19MD04GB07",2019,0,0,0,0,0,0,0,0,0,0,0,0,0,0
"19MD04GB09",2019,0,0,0,0,0,0,0,0,0,0,0,0,0,0
"19MD06GB09",2019,0,0,0,0,0,0,0,0,0,0,0,0,0,0
"19MD07GB05",2019,0,0,0,0,0,0,0,0,0,0,0,NA,0,0
"19MD07GB07",2019,0,0,0,0,0,0,0,0,0,0,0,0,0,0
"19MD07GB09",2019,0,0,0,0,0,0,0,0,0,0,0,0,0,0
"19MD08GB09",2019,0,0,0,0,0,0,0,0,0,0,0,0,0,0
"19MD09GB03",2019,0,0,0,0,0,0,0,0,0,0,0,0,0,0
"19MD09GB07",2019,0,0,0,0,0,0,0,0,0,0,0,0,0,0
"19MD09GB09",2019,0,0,0,0,0,0,0,0,0,0,0,0,0,0
"19MD10GB05",2019,0,0,0,0,0,0,0,0,0,0,0,0,0,0
"19MD10GB07",2019,0,0,0,0,0,0,0,0,0,0,0,0,0,0
"19MD10GB09",2019,0,0,0,0,0,0,0,1,0,0,0,0,1,1
"19MD11GB03",2019,0,0,0,0,0,0,0,0,0,0,0,0,0,0
"19MD11GB05",2019,0,0,0,0,0,0,0,0,0,0,0,0,0,1
"19MD12GB05",2019,0,0,0,0,0,0,0,0,0,0,0,0,0,0
"19MD12GB09",2019,0,0,0,0,0,0,0,0,0,0,0,0,0,0
"19NC01GB06",2019,0,0,0,0,0,0,0,0,0,0,0,0,0,0
"19NC02GB06",2019,0,0,0,0,0,0,0,0,0,0,0,0,0,0
"19NC02GB08",2019,0,0,0,0,0,0,0,0,0,0,0,0,0,0
"19NC02GB10",2019,0,0,0,0,0,0,0,0,0,0,0,0,0,0
"19NC03GB08",2019,0,0,0,0,0,0,0,0,0,0,0,0,0,0
"19NC04GB02",2019,0,0,0,0,0,0,0,0,0,0,0,0,0,0
"19NC04GB04",2019,0,0,0,0,0,0,0,0,0,0,0,0,0,0
"19NC05GB04",2019,0,0,0,0,0,0,0,0,0,0,0,0,0,0
"19NC05GB10",2019,0,0,0,0,0,0,0,0,0,0,0,0,0,0
"19NC07GB02",2019,0,0,0,0,0,0,0,0,0,0,0,0,0,1
"19NC07GB04",2019,0,0,0,0,0,0,0,0,0,0,0,0,0,0
"19NC07GB08",2019,0,0,0,0,0,0,0,0,0,0,0,0,0,0
"19NC07GB10",2019,0,0,0,0,0,0,0,0,0,0,0,0,0,0
"19NC09GB08",2019,0,0,0,0,0,0,0,0,0,0,0,0,0,0
"19NC09GB10",2019,0,0,0,0,0,0,0,0,0,0,0,0,0,1
"19NC11GB10",2019,0,0,0,0,0,0,0,0,0,0,0,0,0,0
"19OR01GB04",2019,0,0,0,0,0,0,0,0,0,0,0,0,0,0
"19OR01GB05",2019,0,0,0,0,0,0,0,1,0,0,0,0,1,1
"19OR02GB02",2019,0,0,0,0,0,0,0,0,0,0,0,0,0,1
"19OR02GB05",2019,0,0,0,0,0,0,0,0,0,0,0,0,0,0
"19OR03GB07",2019,0,0,0,0,0,0,0,0,0,0,0,0,0,0
"19OR04GB01",2019,0,0,0,0,0,0,1,1,0,0,0,0,1,1
"19OR05GB02",2019,0,0,0,0,0,0,0,0,0,0,0,0,0,0
"19OR05GB05",2019,0,0,0,0,0,0,0,0,0,0,0,0,0,0
"19OR06GB04",2019,0,0,0,0,0,0,0,0,0,0,0,0,0,0
"19OR06GB05",2019,0,0,0,0,0,0,0,0,0,0,0,0,0,0
"19OR07GB01",2019,0,0,0,0,0,0,0,0,0,0,0,0,0,0
"19OR07GB02",2019,0,0,0,0,0,0,0,0,0,0,0,0,0,0
"19OR07GB05",2019,0,0,0,0,0,0,0,0,0,0,0,0,0,0
"19OR08GB04",2019,0,0,0,0,0,0,0,0,0,0,0,0,0,0
"19OR09GB05",2019,0,0,0,0,0,0,0,0,0,0,0,0,1,1
"19OR09GB07",2019,0,0,0,0,0,0,0,0,0,0,0,0,0,0
"19OR10GB01",2019,0,0,0,0,0,0,0,0,0,0,0,0,0,0
"19OR10GB02",2019,0,0,0,0,0,0,0,0,0,0,0,0,0,0
"19OR11GB02",2019,0,0,0,0,0,0,0,0,0,0,0,0,0,0
"19OR12GB01",2019,0,0,0,0,0,0,0,0,0,0,0,0,0,0
"19OR12GB04",2019,0,0,0,0,0,0,0,0,0,0,0,0,0,1
"19OR12GB07",2019,0,0,0,0,0,0,0,0,0,0,0,0,0,0
"19SC01GB10",2019,0,1,0,0,1,0,1,1,0,0,0,0,1,1
"19SC02GB04",2019,0,0,0,0,0,0,0,0,0,0,0,0,0,0
"19SC02GB10",2019,0,0,0,0,0,0,0,0,0,0,0,0,0,0
"19SC03GB10",2019,0,0,0,0,0,0,0,0,0,0,0,0,0,0
"19SC05GB04",2019,0,0,0,0,0,0,0,0,0,0,0,0,0,0
"19SC05GB06",2019,0,0,0,0,0,0,0,0,0,0,0,0,0,0
"19SC06GB10",2019,0,0,0,0,0,0,0,0,0,0,0,0,0,0
"19SC07GB06",2019,0,0,0,0,0,0,0,0,0,0,0,0,1,1
"19SC08GB02",2019,0,0,0,0,0,0,0,0,0,0,0,0,0,0
"19SC08GB04",2019,0,0,0,0,0,0,0,0,0,0,0,0,0,0
"19SC08GB06",2019,0,0,0,0,0,0,0,0,0,0,0,0,0,0
"19SC08GB10",2019,0,0,0,0,0,0,0,0,0,0,0,0,0,0
"19SC09GB06",2019,0,0,0,0,0,0,0,0,0,0,0,0,0,0
"19SC09GB08",2019,0,0,0,0,0,0,0,0,0,0,0,0,0,0
"19SC09GB10",2019,0,0,0,0,0,0,0,0,0,0,0,0,0,0
"19SC10GB08",2019,0,0,0,0,0,0,0,0,0,0,0,0,0,0
"19SC10GB10",2019,0,0,0,0,0,0,0,0,0,0,0,0,0,1
"19SC11GB06",2019,0,0,0,0,0,0,0,0,0,0,0,0,0,0
"19SC11GB08",2019,0,0,0,0,0,0,0,0,0,0,0,0,0,0
"19SC11GB10",2019,0,0,0,0,0,0,0,0,0,0,0,0,0,0
"19SC12GB04",2019,0,0,0,0,1,0,0,0,0,0,0,0,0,1
"19SD01GB04",2019,0,0,0,0,0,0,0,0,0,0,0,0,0,0
"19SD01GB06",2019,0,0,0,0,0,0,0,0,0,0,0,0,0,0
"19SD01GB08",2019,0,0,0,0,0,0,0,0,0,0,0,0,0,0
"19SD01GB10",2019,0,0,0,0,0,0,0,0,0,0,0,0,0,0
"19SD02GB02",2019,0,0,0,0,0,0,0,0,0,0,0,0,0,0
"19SD02GB04",2019,0,0,0,0,0,0,0,0,0,0,0,0,0,0
"19SD02GB06",2019,0,0,0,0,0,0,0,0,0,0,0,0,0,0
"19SD02GB08",2019,0,0,0,0,0,0,0,0,0,0,0,0,0,0
"19SD03GB06",2019,0,0,0,0,0,0,0,0,0,0,0,0,0,1
"19SD03GB08",2019,0,0,0,0,0,0,0,0,0,0,0,0,0,0
"19SD03GB10",2019,0,0,0,0,0,0,0,0,0,0,0,0,0,1
"19SD04GB08",2019,0,0,0,0,0,0,0,0,0,0,0,0,0,0
"19SD04GB10",2019,0,0,0,0,0,0,0,0,0,0,0,0,0,0
"19SD05GB10",2019,0,0,0,0,0,0,0,0,0,0,0,0,0,0
"19SD06GB06",2019,0,0,0,0,0,0,0,0,0,0,0,0,0,1
"19SD06GB08",2019,0,0,0,0,0,0,0,0,0,0,0,0,0,0
"19SD06GB10",2019,0,0,0,0,0,0,0,0,0,0,0,0,0,0
"19SD07GB02",2019,0,0,0,0,0,0,0,0,0,0,0,0,0,0
"19SD07GB06",2019,0,0,0,0,0,0,0,0,0,0,0,0,0,1
"19SD07GB08",2019,0,0,0,0,0,0,0,0,0,0,0,0,0,0
"19SD08GB04",2019,0,0,0,0,0,0,0,0,0,0,0,0,0,0
"19SD08GB06",2019,0,0,0,0,0,0,0,0,0,0,0,0,0,0
"19SD09GB02",2019,0,0,0,0,1,0,0,1,0,0,0,0,1,1
"19SD09GB04",2019,0,0,0,0,0,0,0,0,0,0,0,0,0,0
"19SD10GB02",2019,0,0,0,0,0,0,0,0,0,0,0,0,0,0
"19SD10GB04",2019,0,0,0,0,0,0,0,0,0,0,0,0,0,0
"19SD10GB06",2019,0,0,0,0,0,0,0,0,0,0,0,0,0,0
"19SD10GB10",2019,0,0,0,0,0,0,0,0,0,0,0,0,0,1
"19SD11GB04",2019,0,0,0,0,0,0,0,0,0,0,0,0,0,1
"19SD11GB06",2019,0,0,0,0,0,0,0,0,0,0,0,0,0,0
"19SD11GB08",2019,0,0,0,0,0,0,0,0,0,0,0,0,0,0
"19SD11GB10",2019,0,0,0,0,0,0,0,0,0,0,0,0,0,0
"19SD12GB06",2019,0,0,0,0,0,0,0,0,0,0,0,0,0,0
"19SD12GB10",2019,0,0,0,0,0,0,0,0,0,0,0,0,0,0
"19TN01GB03",2019,0,0,0,0,0,0,0,0,0,0,0,0,0,0
"19TN01GB05",2019,0,0,0,0,0,0,0,0,0,0,0,0,0,0
"19TN02GB04",2019,0,0,0,0,0,0,0,0,0,0,0,0,1,1
"19TN03GB01K",2019,0,0,0,0,0,0,0,0,0,0,0,0,0,0
"19TN03GB03K",2019,0,0,0,0,0,0,0,0,0,0,0,0,0,0
"19TN03GB04",2019,0,0,0,0,0,0,0,0,0,0,0,0,0,0
"19TN03GB05K",2019,0,0,0,0,0,0,0,1,0,0,0,0,1,1
"19TN04GB04",2019,0,0,0,0,0,0,0,0,0,0,0,0,0,1
"19TN05GB01K",2019,0,0,0,0,0,0,0,0,0,0,0,0,0,0
"19TN05GB02",2019,0,0,0,0,0,0,0,0,0,0,0,0,0,0
"19TN05GB03K",2019,0,0,0,0,0,0,0,0,0,0,0,0,0,0
"19TN06GB03K",2019,0,0,0,0,0,0,0,0,0,0,0,0,0,1
"19TN06GB04N",2019,0,0,0,0,0,0,0,0,0,0,0,0,0,0
"19TN06GB05K",2019,0,0,0,0,0,0,0,0,0,0,0,0,0,0
"19TN07GB01K",2019,0,0,0,0,0,0,0,0,0,0,0,0,0,0
"19TN07GB04K",2019,0,0,0,0,0,0,0,0,0,0,0,0,1,1
"19TN07GB05N",2019,0,1,0,0,0,0,0,1,0,1,0,0,1,1
"19TN08GB03K",2019,0,0,0,0,0,0,0,0,0,0,0,0,0,0
"19TN08GB04",2019,0,0,0,0,0,0,0,1,0,1,0,0,1,1
"19TN08GB05",2019,0,0,0,0,0,0,0,0,0,0,0,0,0,1
"19TN09GB02K",2019,0,0,0,0,0,0,0,0,0,0,0,0,0,0
"19TN09GB02N",2019,0,0,0,0,0,0,0,0,0,0,0,0,0,1
"19TN09GB03K",2019,0,0,0,0,0,0,0,0,0,0,0,0,0,0
"19TN09GB03N",2019,0,0,0,0,0,0,0,0,0,0,0,0,0,0
"19TN09GB05N",2019,0,0,0,0,0,0,0,0,0,0,0,0,0,0
"19TN10GB01K",2019,0,1,0,0,0,0,0,0,0,0,0,0,1,1
"19TN10GB02N",2019,0,0,0,0,0,0,0,0,0,0,0,0,0,0
"19TN11GB01K",2019,0,0,0,0,0,0,0,0,0,0,0,0,0,0
"19TN12GB01K",2019,0,0,0,0,0,0,0,0,0,0,0,0,0,0
"19TN12GB02N",2019,0,0,0,0,0,0,0,0,0,0,0,0,1,1
"19TN12GB03K",2019,0,0,0,0,0,0,0,0,0,0,0,NA,0,0
"19TN12GB05K",2019,0,0,0,0,0,0,0,0,0,0,0,0,0,0
"19TX01GB03",2019,0,0,0,0,0,0,0,0,0,0,0,0,0,1
"19TX02GB05",2019,0,0,0,0,0,0,0,0,0,0,0,0,0,0
"19TX02GB07",2019,0,0,0,0,0,0,0,0,0,0,0,0,0,0
"19TX03GB01",2019,0,0,0,0,0,0,0,0,0,0,0,0,0,0
"19TX03GB03",2019,0,0,0,0,0,0,0,0,0,0,0,0,0,0
"19TX03GB05",2019,0,0,0,0,0,0,0,0,0,0,0,0,0,0
"19TX03GB07",2019,0,0,0,0,0,0,0,0,0,0,0,0,0,1
"19TX04GB01",2019,0,0,0,0,0,0,0,0,0,0,0,0,0,0
"19TX04GB03",2019,0,0,0,0,0,0,0,0,0,0,0,0,0,0
"19TX04GB05",2019,0,0,0,0,0,0,0,0,0,0,0,0,0,0
"19TX04GB09",2019,0,0,0,0,0,0,0,0,0,0,0,1,0,0
"19TX05GB03",2019,0,0,0,0,0,0,0,0,0,0,0,0,0,0
"19TX05GB09",2019,0,0,0,0,0,0,0,0,0,0,0,0,0,0
"19TX06GB01",2019,0,0,0,0,0,0,0,0,0,0,0,0,0,0
"19TX06GB03",2019,0,0,0,0,0,0,0,0,0,0,0,0,0,0
"19TX06GB07",2019,0,0,0,0,0,0,0,0,0,0,0,0,0,0
"19TX06GB09",2019,0,0,0,0,0,0,0,0,0,0,0,0,0,0
"19TX07GB03",2019,0,0,0,0,0,0,0,0,0,0,0,0,0,0
"19TX07GB09",2019,0,0,0,0,0,0,0,0,0,0,0,0,0,0
"19TX08GB05",2019,0,0,0,0,0,0,0,0,0,0,0,0,0,0
"19TX09GB03",2019,0,0,0,0,0,0,0,0,0,0,0,0,0,0
"19TX09GB07",2019,0,0,0,0,0,0,0,0,0,0,0,0,0,0
"19TX10GB07",2019,0,0,0,0,0,0,0,0,0,0,0,0,0,0
"19TX11GB01",2019,0,0,0,0,0,0,0,0,0,0,0,0,0,0
"19TX11GB03",2019,0,0,0,0,0,0,0,0,0,0,0,0,0,0
"19TX11GB09",2019,0,0,0,0,0,0,0,0,0,0,0,0,0,0
"19TX12GB01",2019,0,0,0,0,0,0,0,0,0,0,0,0,0,0
"19TX12GB07",2019,0,0,0,0,0,0,0,0,0,0,0,0,0,1
"19TX12GB09",2019,0,0,0,0,0,0,0,0,0,0,0,0,0,0
"21CA01GB04UCD-EC",2021,0,0,0,0,0,0,0,0,0,0,0,0,NA,0
"21CA02GB04UCD-EC",2021,0,0,0,0,0,0,0,0,0,0,0,0,NA,0
"21CA03GB02UCD-EC",2021,0,0,0,0,0,0,0,0,0,0,0,0,NA,0
"21CA03GB08UCD-EC",2021,0,0,0,0,0,0,0,0,0,0,0,0,NA,0
"21CA04GB08UCD-EC",2021,0,0,0,0,0,0,0,0,0,0,0,0,NA,1
"21CA05GB05UCD-EC",2021,0,0,0,0,0,0,0,0,0,0,0,0,NA,0
"21CA06GB01UCD-EC",2021,0,0,0,0,0,0,0,0,0,0,0,0,NA,0
"21CA06GB02UCD-EC",2021,0,0,0,0,0,0,0,0,0,0,0,0,NA,0
"21CA06GB06UCD-EC",2021,0,0,0,0,0,0,0,0,0,0,0,0,NA,0
"21CA06GB07UCD-EC",2021,0,0,0,0,0,0,0,0,0,0,0,0,NA,0
"21CA08GB08UCD-EC",2021,0,0,0,0,0,0,0,0,0,0,0,0,NA,0
"21CA09GB06UCD-EC",2021,0,1,1,1,1,1,1,1,0,0,0,1,NA,1
"21CA10GB04UCD-EC",2021,0,1,0,0,0,0,0,1,0,0,0,0,NA,1
"21CA11GB08UCD-EC",2021,0,0,0,0,1,0,0,1,0,0,0,0,NA,1
"21CA12GB07UCD-EC",2021,0,0,0,0,0,0,0,0,0,0,0,0,NA,1
"21CO01GB04-EC",2021,0,0,0,0,0,0,0,0,0,0,0,0,NA,0
"21CO01GB06-EC",2021,0,0,0,0,0,0,0,0,0,0,0,0,NA,0
"21CO02GB01-EC",2021,0,0,0,0,0,0,0,0,0,0,0,0,NA,0
"21CO02GB03-EC",2021,0,0,0,0,0,0,0,0,0,0,0,0,NA,0
"21CO02GB08-EC",2021,0,0,0,0,0,0,0,0,0,0,0,0,NA,0
"21CO03GB06-EC",2021,0,0,0,0,0,0,0,0,0,0,0,0,NA,0
"21CO03GB07-EC",2021,0,0,0,0,0,0,0,0,0,0,0,0,NA,0
"21CO04GB03-EC",2021,0,1,0,0,1,0,0,1,0,0,0,0,NA,1
"21CO04GB04-EC",2021,0,0,0,0,0,0,0,0,0,0,0,0,NA,0
"21CO06GB03-EC",2021,0,0,0,0,0,0,0,0,0,0,0,0,NA,1
"21CO06GB07-EC",2021,0,0,0,0,0,0,0,0,0,0,0,0,NA,0
"21CO06GB08-EC",2021,0,0,0,0,0,0,0,0,0,0,0,0,NA,0
"21CO07GB05-EC",2021,0,0,0,0,0,0,0,0,0,0,0,0,NA,0
"21CO07GB06-EC",2021,0,0,0,0,0,0,0,0,0,0,0,0,NA,0
"21CO08GB01-EC",2021,0,0,0,0,0,0,0,0,0,0,0,0,NA,0
"21CO08GB02-EC",2021,0,0,0,0,0,0,0,0,0,0,0,0,NA,0
"21CO08GB03-EC",2021,0,0,0,0,0,0,0,0,0,0,0,0,NA,0
"21CT02GB02-EC",2021,0,0,0,0,0,0,0,0,0,0,0,0,NA,0
"21CT02GB03-EC",2021,0,0,0,0,0,0,0,0,0,0,0,0,NA,0
"21CT02GB04-EC",2021,0,0,0,0,0,0,0,0,0,0,0,0,NA,0
"21CT02GB06-EC",2021,0,0,0,0,0,0,0,0,0,0,0,0,NA,0
"21CT03GB01-EC",2021,0,0,0,0,0,0,0,0,0,0,0,0,NA,0
"21CT03GB05-EC",2021,0,0,0,0,0,0,0,0,0,0,0,0,NA,0
"21CT03GB07-EC",2021,0,0,0,0,0,0,0,0,0,0,0,0,NA,0
"21CT04GB03-EC",2021,0,0,0,0,0,0,0,0,0,0,0,0,NA,1
"21CT04GB04-EC",2021,0,0,0,0,0,0,0,0,0,0,0,0,NA,0
"21CT04GB06-EC",2021,0,0,0,0,0,0,0,0,0,0,0,0,NA,0
"21CT05GB01-EC",2021,0,0,0,0,0,0,0,0,0,0,0,0,NA,0
"21CT05GB03-EC",2021,0,0,0,0,0,0,0,0,0,0,0,0,NA,0
"21CT05GB07-EC",2021,0,0,0,0,0,0,0,0,0,0,0,0,NA,0
"21CT05GB08-EC",2021,0,0,0,0,0,0,0,0,0,0,0,0,NA,0
"21CT06GB06-EC",2021,0,0,0,0,0,0,0,0,0,0,0,0,NA,0
"21CT07GB01-EC",2021,0,0,0,0,0,0,0,0,0,0,0,0,NA,0
"21CT07GB03-EC",2021,0,0,0,0,0,0,0,0,0,0,0,0,NA,1
"21CT09GB04-EC",2021,0,0,0,0,0,0,0,0,0,0,0,0,NA,1
"21CT09GB06-EC",2021,0,0,0,0,0,0,0,0,0,0,0,0,NA,0
"21CT10GB02-EC",2021,0,0,0,0,0,0,0,0,0,0,0,0,NA,0
"21CT10GB04-EC",2021,0,0,0,0,0,0,0,0,0,0,0,0,NA,1
"21CT10GB07-EC",2021,0,0,0,0,0,0,0,0,0,0,0,0,NA,0
"21CT12GB06-EC",2021,0,1,0,0,0,0,1,1,0,0,0,0,NA,1
"21HI01GB01UCD-EC",2021,0,1,0,0,1,0,0,1,0,0,0,0,NA,1
"21HI02GB04UCD-EC",2021,0,0,0,0,0,0,0,0,0,0,0,0,NA,0
"21HI02GB06UCD-EC",2021,0,0,0,0,0,0,0,0,0,0,0,0,NA,0
"21HI03GB03UCD-EC",2021,0,1,0,0,0,0,0,1,0,0,0,0,NA,1
"21HI04GB02UCD-EC",2021,0,0,0,0,0,0,0,0,0,0,0,0,NA,0
"21HI05GB01UCD-EC",2021,0,0,0,0,0,0,0,0,0,0,0,0,NA,0
"21HI05GB05UCD-EC",2021,0,0,0,0,0,0,0,0,0,0,0,0,NA,0
"21HI05GB07UCD-EC",2021,0,0,0,0,0,0,0,0,0,0,0,0,NA,0
"21HI05GB08UCD-EC",2021,0,0,0,0,0,0,1,1,0,0,0,0,NA,0
"21HI07GB03UCD-EC",2021,0,0,0,0,0,0,0,0,0,0,0,0,NA,0
"21HI09GB06UCD-EC",2021,0,0,0,0,0,0,0,0,0,0,0,0,NA,0
"21HI11GB01UCD-EC",2021,0,0,0,0,0,0,0,0,0,0,0,0,NA,0
"21IA01GB01-EC",2021,0,0,0,0,0,0,0,0,0,0,0,0,NA,0
"21IA01GB02-EC",2021,1,0,0,0,0,0,0,0,0,0,0,0,NA,1
"21IA01GB06-EC",2021,0,0,0,0,0,0,0,0,0,0,0,0,NA,0
"21IA01GB07-EC",2021,0,0,0,0,0,0,0,0,0,0,0,0,NA,0
"21IA02GB01-EC",2021,0,0,0,0,0,0,0,1,0,0,0,0,NA,1
"21IA02GB02-EC",2021,0,0,0,0,0,0,0,0,0,0,0,0,NA,0
"21IA02GB03-EC",2021,0,0,0,0,0,0,0,0,0,0,0,0,NA,0
"21IA02GB05-EC",2021,0,0,0,0,0,0,0,0,0,0,0,0,NA,1
"21IA02GB07-EC",2021,0,0,0,0,0,0,0,0,0,0,0,0,NA,0
"21IA02GB08-EC",2021,0,0,0,0,0,0,0,0,0,0,0,0,NA,0
"21IA03GB06-EC",2021,0,0,0,0,0,0,0,0,0,0,0,1,NA,1
"21IA04GB02-EC",2021,0,0,0,0,0,0,0,0,0,0,0,0,NA,1
"21IA04GB05-EC",2021,1,0,0,0,0,0,0,0,0,0,0,0,NA,0
"21IA05GB07-EC",2021,0,0,0,0,0,0,0,0,0,0,0,0,NA,0
"21IA06GB05-EC",2021,0,0,0,0,0,0,0,0,0,0,0,0,NA,0
"21IA06GB08-EC",2021,0,0,0,0,0,0,0,1,0,0,0,0,NA,1
"21IA07GB01-EC",2021,0,0,0,0,0,0,0,0,0,0,0,0,NA,0
"21IA07GB03-EC",2021,0,0,0,0,0,0,0,0,0,0,0,0,NA,0
"21IA07GB04-EC",2021,0,0,0,0,0,0,0,0,0,0,0,0,NA,0
"21IA07GB05-EC",2021,0,0,0,0,0,0,0,0,0,0,0,0,NA,0
"21IA07GB07-EC",2021,0,0,0,0,0,0,0,0,0,0,0,0,NA,0
"21IA08GB02-EC",2021,0,0,0,0,0,0,0,0,0,0,0,0,NA,0
"21IA08GB05-EC",2021,0,0,0,0,0,0,0,0,0,0,0,0,NA,0
"21IA08GB06-EC",2021,0,0,0,0,0,0,0,0,0,0,0,0,NA,1
"21IA09GB01-EC",2021,0,0,0,0,0,0,0,0,0,0,0,0,NA,0
"21IA09GB08-EC",2021,0,0,0,0,0,0,0,0,0,0,0,0,NA,0
"21IA10GB01-EC",2021,0,0,0,0,0,0,0,0,0,0,0,0,NA,0
"21IA10GB02-EC",2021,0,0,0,0,0,0,0,0,0,0,0,0,NA,0
"21IA10GB05-EC",2021,0,0,0,0,0,0,0,0,0,0,0,0,NA,0
"21IA10GB08-EC",2021,0,1,0,0,0,0,0,1,0,0,0,0,NA,1
"21IA11GB03-EC",2021,0,0,0,0,0,0,0,0,0,0,0,0,NA,1
"21IA11GB04-EC",2021,0,0,0,0,0,0,0,0,0,0,0,0,NA,0
"21IA12GB01-EC",2021,0,0,0,0,0,0,0,0,0,0,0,0,NA,0
"21IA12GB06-EC",2021,0,0,0,0,0,0,0,1,0,1,0,0,NA,1
"21IA12GB07-EC",2021,0,0,0,0,0,0,0,1,0,1,0,0,NA,1
"21KS01GB01-EC",2021,0,0,0,0,0,0,0,0,0,0,0,0,NA,1
"21KS01GB03-EC",2021,0,0,0,0,0,0,0,0,0,0,0,0,NA,1
"21KS01GB06-EC",2021,0,0,0,0,0,0,0,0,0,0,0,0,NA,0
"21KS01GB08-EC",2021,0,0,0,0,0,0,0,0,0,0,0,0,NA,0
"21KS02GB02-EC",2021,0,0,0,0,0,0,0,0,0,0,0,0,NA,0
"21KS02GB03-EC",2021,0,0,0,0,0,0,0,0,0,0,0,0,NA,0
"21KS02GB05-EC",2021,0,0,0,0,0,0,0,0,0,0,0,0,NA,0
"21KS02GB06-EC",2021,0,0,0,0,0,0,0,0,0,0,0,0,NA,0
"21KS02GB07-EC",2021,0,0,0,0,0,0,0,0,0,0,0,0,NA,0
"21KS03GB01-EC",2021,0,0,0,0,0,0,0,0,0,0,0,0,NA,0
"21KS03GB07-EC",2021,0,0,0,0,1,0,0,1,0,0,0,0,NA,1
"21KS04GB04-EC",2021,0,0,0,0,0,0,0,0,0,0,0,0,NA,0
"21KS04GB06-EC",2021,0,0,0,0,0,0,0,0,0,0,0,0,NA,1
"21KS04GB07-EC",2021,0,1,0,0,0,0,0,0,0,0,0,0,NA,0
"21KS05GB02-EC",2021,0,0,0,0,1,0,0,1,0,0,0,0,NA,1
"21KS05GB05-EC",2021,0,0,0,0,0,0,0,0,0,0,0,0,NA,0
"21KS05GB07-EC",2021,0,0,0,0,0,0,0,0,0,0,0,0,NA,0
"21KS05GB08-EC",2021,0,0,0,0,0,0,0,0,0,0,0,0,NA,0
"21KS06GB03-EC",2021,0,0,0,0,0,0,0,0,0,0,0,0,NA,0
"21KS06GB04-EC",2021,0,0,0,0,0,0,0,0,0,0,0,0,NA,0
"21KS06GB07-EC",2021,0,0,0,0,0,0,0,0,0,0,0,0,NA,0
"21KS07GB03-EC",2021,0,0,0,0,0,0,0,0,0,0,0,0,NA,0
"21KS07GB05-EC",2021,0,0,0,0,0,0,0,0,0,0,0,0,NA,0
"21KS07GB07-EC",2021,0,0,0,0,0,0,1,1,0,0,0,0,NA,1
"21KS08GB04-EC",2021,0,0,0,0,0,0,0,0,0,0,0,0,NA,0
"21KS08GB05-EC",2021,0,0,0,0,0,0,0,0,0,0,0,0,NA,0
"21KS09GB04-EC",2021,0,0,0,0,0,0,0,0,0,0,0,0,NA,0
"21KS09GB08-EC",2021,0,0,0,0,0,0,0,0,0,0,0,0,NA,1
"21KS10GB01-EC",2021,1,1,1,0,0,0,0,0,1,0,0,0,NA,0
"21KS10GB02-EC",2021,0,1,0,0,0,0,0,0,0,0,0,0,NA,1
"21KS10GB03-EC",2021,0,0,0,0,0,0,0,0,0,0,0,0,NA,0
"21KS10GB05-EC",2021,0,0,0,0,0,0,0,0,0,0,0,0,NA,0
"21KS11GB04-EC",2021,0,0,0,0,0,0,0,0,0,0,0,0,NA,0
"21KS11GB06-EC",2021,0,0,0,0,0,0,0,0,0,0,0,0,NA,0
"21KS11GB07-EC",2021,0,0,0,0,0,0,0,0,0,0,0,0,NA,0
"21KS11GB08-EC",2021,0,0,0,0,0,0,0,0,0,0,0,0,NA,0
"21KS12GB01-EC",2021,0,0,0,0,0,0,0,0,0,0,0,0,NA,0
"21KS12GB05-EC",2021,0,0,0,0,1,0,0,1,0,0,0,0,NA,1
"21KS12GB07-EC",2021,0,1,0,0,1,0,0,1,0,0,0,0,NA,1
"21KS12GB08-EC",2021,0,0,0,0,0,0,0,0,0,0,0,0,NA,0
"21MD01GB06-EC",2021,0,0,0,0,0,0,0,0,0,0,0,0,NA,1
"21MD02GB05-EC",2021,0,0,0,0,0,0,0,0,0,0,0,0,NA,0
"21MD02GB06-EC",2021,0,0,0,0,0,0,0,0,0,0,0,0,NA,1
"21MD03GB01-EC",2021,0,0,0,0,0,0,0,0,0,0,0,0,NA,0
"21MD03GB02-EC",2021,1,0,0,0,0,0,0,0,0,0,0,0,NA,0
"21MD03GB04-EC",2021,0,0,0,0,0,0,0,0,0,0,0,0,NA,1
"21MD04GB02-EC",2021,0,0,0,0,0,0,0,0,0,0,0,0,NA,0
"21MD04GB05-EC",2021,0,0,0,0,0,0,0,0,0,0,0,0,NA,0
"21MD04GB08-EC",2021,0,0,0,0,0,0,0,1,0,0,0,0,NA,1
"21MD05GB04-EC",2021,0,0,0,0,0,0,0,0,0,0,0,0,NA,0
"21MD05GB06-EC",2021,0,0,0,0,0,0,0,0,0,0,0,0,NA,0
"21MD06GB01-EC",2021,0,0,0,0,0,0,0,0,0,0,0,0,NA,1
"21MD06GB03-EC",2021,0,1,0,0,1,0,0,1,0,0,0,0,NA,1
"21MD06GB06-EC",2021,0,0,0,0,0,0,0,0,0,0,0,0,NA,0
"21MD07GB07-EC",2021,0,0,0,0,0,0,0,0,0,0,0,0,NA,0
"21MD08GB03-EC",2021,0,0,0,0,0,0,0,0,0,0,0,0,NA,0
"21MD08GB07-EC",2021,0,0,0,0,0,0,0,0,0,0,0,0,NA,0
"21MD08GB08-EC",2021,0,1,0,0,0,0,1,1,0,0,0,0,NA,1
"21MD09GB01-EC",2021,0,0,0,0,0,0,0,0,0,0,0,0,NA,1
"21MD09GB02-EC",2021,0,0,0,0,0,0,0,0,0,0,0,0,NA,0
"21MD09GB05-EC",2021,0,0,0,0,0,0,0,0,0,0,0,0,NA,0
"21MD09GB06-EC",2021,0,0,0,0,0,0,0,0,0,0,0,0,NA,0
"21MD09GB08-EC",2021,0,0,0,0,0,0,0,0,0,0,0,0,NA,0
"21MD10GB02-EC",2021,0,1,0,0,0,0,0,0,0,0,0,0,NA,1
"21MD10GB04-EC",2021,0,0,0,0,0,0,0,0,0,0,0,0,NA,0
"21MD10GB07-EC",2021,0,0,0,0,0,0,0,0,0,0,0,0,NA,0
"21MD10GB08-EC",2021,0,0,0,0,0,0,0,0,0,0,0,0,NA,0
"21MD11GB02-EC",2021,0,0,0,0,0,0,0,1,0,0,0,0,NA,1
"21MD12GB02-EC",2021,0,0,0,0,0,0,0,1,0,0,0,0,NA,1
"21NC02GB05-EC",2021,0,0,0,0,0,0,0,0,0,0,0,0,NA,0
"21NC03GB02-EC",2021,0,0,0,0,0,0,0,0,0,0,0,0,NA,0
"21NC03GB05-EC",2021,0,0,0,0,0,0,0,0,0,0,0,0,NA,0
"21NC03GB07-EC",2021,0,0,0,0,0,0,0,0,0,0,0,0,NA,0
"21NC04GB01-EC",2021,0,0,0,0,0,0,0,0,0,0,0,0,NA,0
"21NC04GB04-EC",2021,0,0,0,0,0,0,0,0,0,0,0,0,NA,0
"21NC05GB01-EC",2021,0,0,0,0,0,0,0,0,0,0,0,0,NA,1
"21NC05GB02-EC",2021,0,0,0,0,0,0,0,0,0,0,0,0,NA,0
"21NC06GB01-EC",2021,0,0,0,0,0,0,0,0,0,0,0,0,NA,0
"21NC06GB03-EC",2021,0,0,0,0,0,0,0,0,0,0,0,0,NA,0
"21NC06GB05-EC",2021,0,0,0,0,0,0,0,0,0,0,0,0,NA,0
"21NC06GB07-EC",2021,0,0,0,0,0,0,0,0,0,0,0,0,NA,0
"21NC06GB08-EC",2021,0,0,0,0,0,0,0,0,0,0,0,0,NA,0
"21NC08GB04-EC",2021,0,0,0,0,0,0,0,0,0,0,0,0,NA,0
"21NC09GB06-EC",2021,0,0,0,0,0,0,0,0,0,0,0,0,NA,0
"21NC10GB01-EC",2021,0,0,0,0,0,0,0,0,0,0,0,0,NA,0
"21NC10GB02-EC",2021,0,0,0,0,1,0,1,1,0,0,0,0,NA,1
"21NC10GB03-EC",2021,0,0,0,0,0,0,0,0,0,0,0,0,NA,1
"21NC10GB04-EC",2021,0,0,0,0,0,0,0,0,0,0,0,0,NA,0
"21NC10GB05-EC",2021,0,0,0,0,0,0,0,0,0,0,0,0,NA,0
"21NC10GB08-EC",2021,0,0,0,0,0,0,0,0,0,0,0,0,NA,0
"21NC11GB02-EC",2021,0,0,0,0,0,0,0,0,0,0,0,0,NA,0
"21NC11GB03-EC",2021,0,0,0,0,0,0,0,0,0,0,0,0,NA,1
"21NC11GB06-EC",2021,0,0,0,0,0,0,0,0,0,0,0,0,NA,0
"21NC11GB07-EC",2021,0,0,0,0,0,0,0,0,0,0,0,0,NA,0
"21NC12GB01-EC",2021,0,0,0,0,0,0,0,0,0,0,0,0,NA,1
"21OH01GB04-EC",2021,0,0,0,0,0,0,0,0,0,0,0,0,NA,0
"21OH01GB05-EC",2021,0,0,0,0,0,0,0,0,0,0,0,0,NA,0
"21OH01GB06-EC",2021,0,0,0,0,0,0,0,0,0,0,0,0,NA,0
"21OH02GB01-EC",2021,0,0,0,0,0,0,0,0,0,0,0,0,NA,0
"21OH02GB02-EC",2021,0,0,0,0,0,0,0,0,0,0,0,0,NA,0
"21OH04GB08-EC",2021,0,0,0,0,0,0,0,1,0,0,0,0,NA,1
"21OH05GB01-EC",2021,0,0,0,0,0,0,0,0,0,0,0,0,NA,1
"21OH05GB02-EC",2021,0,0,0,0,0,0,0,0,0,0,0,0,NA,0
"21OH06GB01-EC",2021,0,0,0,0,0,0,0,1,0,0,0,0,NA,1
"21OH06GB02-EC",2021,0,0,0,0,0,0,0,0,0,0,0,0,NA,0
"21OH06GB04-EC",2021,0,0,0,0,0,0,0,0,0,0,0,0,NA,0
"21OH07GB03-EC",2021,0,0,0,0,0,0,0,0,0,0,0,0,NA,0
"21OH07GB04-EC",2021,0,0,0,0,0,0,0,0,0,0,0,0,NA,0
"21OH08GB08-EC",2021,0,0,0,0,0,0,0,0,0,0,0,0,NA,0
"21OH09GB04-EC",2021,0,0,0,0,0,0,0,0,0,0,0,0,NA,0
"21OH10GB07-EC",2021,0,0,0,0,0,0,0,0,0,0,0,0,NA,1
"21OH11GB08-EC",2021,0,0,0,0,0,0,0,1,0,0,0,0,NA,0
"21OH12GB01-EC",2021,0,0,0,0,0,0,0,0,0,0,0,0,NA,0
"21OH12GB02-EC",2021,0,0,0,0,0,0,0,1,0,1,0,0,NA,1
"21OH12GB05-EC",2021,0,0,0,0,0,0,0,0,0,0,0,0,NA,0
"21OR04GB03-EC",2021,0,1,0,0,0,0,1,1,0,0,0,0,NA,1
"21OR05GB01-EC",2021,0,0,0,0,0,0,0,0,0,0,0,0,NA,0
"21OR05GB03-EC",2021,0,0,0,0,0,0,0,0,0,0,0,0,NA,0
"21OR05GB04-EC",2021,0,0,0,0,0,0,0,0,0,0,0,0,NA,0
"21OR05GB05-EC",2021,0,0,0,0,0,0,0,0,0,0,0,0,NA,1
"21OR06GB01-EC",2021,0,0,0,0,0,0,0,0,0,0,0,0,NA,0
"21OR06GB04-EC",2021,0,0,0,0,0,0,0,0,0,0,0,0,NA,0
"21OR09GB02-EC",2021,0,0,0,0,0,0,0,0,0,0,0,0,NA,0
"21OR09GB03-EC",2021,0,1,0,0,0,0,0,0,0,0,0,0,NA,0
"21OR09GB05-EC",2021,0,0,0,0,0,0,0,0,0,0,0,0,NA,0
"21OR09GB08-EC",2021,0,0,0,0,0,0,0,0,0,0,0,0,NA,1
"21OR10GB01-EC",2021,0,1,0,0,0,0,0,1,0,0,0,0,NA,1
"21OR11GB03-EC",2021,0,0,0,0,0,0,0,0,0,0,0,0,NA,0
"21OR11GB05-EC",2021,0,0,0,0,0,0,0,0,0,0,0,0,NA,1
"21OR12GB04-EC",2021,0,0,0,0,0,0,0,0,0,0,0,0,NA,0
"21OR12GB08-EC",2021,0,0,0,0,0,0,0,0,0,0,0,0,NA,0
"21PA01GB03-EC",2021,0,0,0,0,0,0,0,0,0,0,0,0,NA,0
"21PA01GB04-EC",2021,0,0,0,0,0,0,0,0,0,0,0,0,NA,0
"21PA01GB06-EC",2021,0,0,0,0,0,0,0,0,0,0,0,0,NA,0
"21PA02GB07-EC",2021,0,0,0,0,0,0,0,0,0,0,0,0,NA,0
"21PA02GB08-EC",2021,0,0,0,0,0,0,0,0,0,0,0,0,NA,0
"21PA03GB05-EC",2021,0,0,0,0,0,0,0,0,0,0,0,0,NA,0
"21PA03GB06-EC",2021,0,0,0,0,0,0,0,0,0,0,0,0,NA,0
"21PA05GB03-EC",2021,0,0,0,0,0,0,0,0,0,0,0,0,NA,0
"21PA05GB08-EC",2021,0,0,0,0,0,0,0,0,0,0,0,0,NA,0
"21PA06GB05-EC",2021,0,0,0,0,0,0,0,0,0,0,0,0,NA,0
"21PA07GB01-EC",2021,0,0,0,0,0,0,0,0,0,0,0,0,NA,0
"21PA07GB04-EC",2021,0,0,0,0,0,0,0,0,0,0,0,0,NA,0
"21PA07GB06-EC",2021,0,0,0,0,0,0,0,0,0,0,0,0,NA,0
"21PA07GB07-EC",2021,0,0,0,0,1,0,0,1,0,0,0,0,NA,1
"21PA08GB05-EC",2021,0,0,0,0,0,0,0,0,0,0,0,0,NA,0
"21PA08GB07-EC",2021,0,0,0,0,0,0,0,0,0,0,0,0,NA,0
"21PA10GB01-EC",2021,0,0,0,0,0,0,0,0,0,0,0,0,NA,0
"21PA10GB08-EC",2021,0,0,0,0,0,0,0,0,0,0,0,0,NA,0
"21PA11GB02-EC",2021,0,1,0,0,0,0,0,1,0,0,0,0,NA,1
"21PA11GB03-EC",2021,0,0,0,0,0,0,0,0,0,0,0,0,NA,0
"21PA11GB08-EC",2021,0,0,0,0,0,0,0,0,0,0,0,0,NA,0
"21PA11GB14-EC",2021,0,0,0,0,1,0,1,1,0,0,0,0,NA,1
"21PA12GB02-EC",2021,0,0,0,0,0,0,0,0,0,0,0,0,NA,0
"21PA12GB06-EC",2021,0,0,0,0,0,0,0,0,0,0,0,0,NA,0
"21SC04GB01-EC",2021,0,0,0,0,0,0,0,0,0,0,0,0,NA,1
"21SC04GB07-EC",2021,0,0,0,0,0,0,0,0,0,0,0,0,NA,0
"21SC05GB04-EC",2021,0,0,0,0,0,0,0,0,0,0,0,0,NA,0
"21SC05GB05-EC",2021,0,0,0,0,0,0,0,0,0,0,0,0,NA,0
"21SC05GB06-EC",2021,0,0,0,0,0,0,0,0,0,0,0,0,NA,0
"21SC05GB07-EC",2021,0,0,0,0,0,0,0,0,0,0,0,0,NA,0
"21SC06GB03-EC",2021,0,1,0,0,1,0,0,1,0,0,0,0,NA,1
"21SC06GB05-EC",2021,1,1,1,0,1,0,0,1,1,0,0,0,NA,1
"21SC06GB06-EC",2021,0,0,0,0,0,0,0,0,0,0,0,0,NA,0
"21SC06GB08-EC",2021,0,0,0,0,0,0,0,0,0,0,0,0,NA,0
"21SC07GB02-EC",2021,0,0,0,0,0,0,0,0,0,0,0,0,NA,0
"21SC07GB06-EC",2021,0,0,0,0,0,0,0,0,0,0,0,0,NA,0
"21SC08GB05-EC",2021,0,0,0,0,0,0,0,0,0,0,0,0,NA,0
"21SC08GB06-EC",2021,0,1,0,0,1,0,0,1,0,0,0,0,NA,1
"21SC08GB07-EC",2021,0,0,0,0,0,0,0,0,0,0,0,0,NA,0
"21SC09GB02-EC",2021,0,0,0,0,0,0,0,0,0,0,0,0,NA,0
"21SC09GB04-EC",2021,0,0,0,0,0,0,0,0,0,0,0,0,NA,0
"21SC09GB05-EC",2021,0,0,0,0,0,0,0,0,0,0,0,0,NA,0
"21SC09GB07-EC",2021,0,0,0,0,0,0,0,0,0,0,0,0,NA,1
"21SC10GB03-EC",2021,0,0,0,0,0,0,0,0,0,0,0,0,NA,0
"21SC10GB05-EC",2021,0,0,0,0,0,0,0,0,0,0,0,0,NA,1
"21SC10GB08-EC",2021,0,0,0,0,0,0,0,0,0,0,0,0,NA,0
"21SC11GB01-EC",2021,0,0,0,0,0,0,0,0,0,0,0,0,NA,0
"21SC11GB02-EC",2021,0,0,0,0,0,0,0,0,0,0,0,0,NA,0
"21SC11GB03-EC",2021,0,0,0,0,0,0,0,0,0,0,0,0,NA,0
"21SC11GB04-EC",2021,0,1,0,0,0,0,0,0,0,0,0,0,NA,0
"21SC11GB07-EC",2021,0,0,0,0,0,0,0,0,0,0,0,0,NA,0
"21SC12GB01-EC",2021,0,0,0,0,0,0,0,0,0,0,0,0,NA,0
"21SC12GB02-EC",2021,0,0,0,0,0,0,0,0,0,0,0,0,NA,0
"21SC12GB05-EC",2021,0,0,0,0,0,0,0,0,0,0,0,0,NA,0
"21SC12GB07-EC",2021,0,0,0,0,0,0,0,0,0,0,0,0,NA,0
"21SC12GB08-EC",2021,0,0,0,0,0,0,0,0,0,0,0,0,NA,0
"21SD01GB01-EC",2021,0,0,0,0,0,0,0,0,0,0,0,0,NA,0
"21SD01GB02-EC",2021,0,0,0,0,0,0,0,0,0,0,0,0,NA,0
"21SD01GB03-EC",2021,0,0,0,0,0,0,0,0,0,0,0,0,NA,0
"21SD01GB05-EC",2021,0,0,0,0,0,0,0,0,0,0,0,0,NA,0
"21SD01GB07-EC",2021,0,0,0,0,0,0,0,0,0,0,0,0,NA,0
"21SD01GB08-EC",2021,0,0,0,0,0,0,0,0,0,0,0,0,NA,0
"21SD03GB06-EC",2021,0,0,0,0,0,0,0,0,0,0,0,0,NA,0
"21SD03GB07-EC",2021,0,0,0,0,0,0,0,0,0,0,0,0,NA,0
"21SD04GB03-EC",2021,0,0,0,0,0,0,0,0,0,0,0,0,NA,0
"21SD04GB04-EC",2021,0,0,0,0,0,0,0,0,0,0,0,0,NA,0
"21SD04GB05-EC",2021,0,0,0,0,0,0,0,0,0,0,0,0,NA,0
"21SD04GB07-EC",2021,0,0,0,0,0,0,0,0,0,0,0,0,NA,0
"21SD04GB08-EC",2021,0,0,0,0,0,0,0,0,0,0,0,0,NA,0
"21SD05GB01-EC",2021,0,0,0,0,0,0,0,0,0,0,0,0,NA,0
"21SD05GB05-EC",2021,0,0,0,0,0,0,0,0,0,0,0,0,NA,0
"21SD05GB07-EC",2021,0,0,0,0,0,0,0,0,0,0,0,0,NA,0
"21SD05GB08-EC",2021,0,0,0,0,0,0,0,0,0,0,0,0,NA,0
"21SD06GB04-EC",2021,0,1,0,0,1,0,0,1,0,0,0,0,NA,1
"21SD06GB08-EC",2021,0,0,0,0,0,0,0,0,0,0,0,0,NA,0
"21SD07GB04-EC",2021,0,0,0,0,0,0,0,1,0,0,0,0,NA,1
"21SD07GB07-EC",2021,0,0,0,0,0,0,0,0,0,0,0,0,NA,1
"21SD07GB08-EC",2021,0,0,0,0,0,0,0,0,0,0,0,0,NA,0
"21SD08GB01-EC",2021,0,0,0,0,0,0,0,0,0,0,0,0,NA,0
"21SD08GB02-EC",2021,0,0,0,0,0,0,0,0,0,0,0,0,NA,0
"21SD08GB05-EC",2021,0,0,0,0,0,0,0,0,0,0,0,0,NA,0
"21SD09GB02-EC",2021,0,0,0,0,0,0,0,0,0,0,0,0,NA,0
"21SD09GB03-EC",2021,0,0,0,0,0,0,0,1,0,0,0,0,NA,1
"21SD09GB05-EC",2021,0,0,0,0,0,0,0,0,0,0,0,0,NA,0
"21SD11GB06-EC",2021,0,0,0,0,0,0,0,0,0,0,0,0,NA,0
"21SD11GB07-EC",2021,0,0,0,0,0,0,0,0,0,0,0,0,NA,0
"21SD12GB04-EC",2021,0,0,0,0,0,0,0,0,0,0,0,0,NA,0
"21SD12GB08-EC",2021,0,0,0,0,0,0,0,0,0,0,0,0,NA,0
"21TN01GB01K-EC",2021,0,0,0,0,0,0,0,0,0,0,0,1,NA,0
"21TN01GB01N-EC",2021,0,0,0,0,0,0,0,0,0,0,0,0,NA,1
"21TN02GB01K-EC",2021,0,0,0,0,0,0,0,0,0,0,0,0,NA,0
"21TN02GB01N-EC",2021,0,0,0,0,0,0,0,0,0,0,0,0,NA,0
"21TN03GB01K-EC",2021,0,0,0,0,0,0,0,0,0,0,0,0,NA,0
"21TN03GB03K-EC",2021,0,0,0,0,0,0,0,0,0,0,0,0,NA,0
"21TN03GB03N-EC",2021,0,0,0,0,0,0,0,0,0,0,0,0,NA,1
"21TN03GB04K-EC",2021,0,0,0,0,0,0,0,0,0,0,0,0,NA,0
"21TN03GB04N-EC",2021,0,0,0,0,0,0,0,0,0,0,0,0,NA,0
"21TN04GB04K-EC",2021,0,0,0,0,0,0,0,0,0,0,0,0,NA,1
"21TN04GB04N-EC",2021,0,0,0,0,0,0,0,0,0,0,0,0,NA,0
"21TN05GB02N-EC",2021,0,0,0,0,0,0,0,0,0,0,0,0,NA,0
"21TN05GB03K-EC",2021,0,0,0,0,0,0,0,0,0,0,0,0,NA,0
"21TN06GB02K-EC",2021,0,0,0,0,0,0,0,0,0,0,0,0,NA,0
"21TN06GB03N-EC",2021,0,0,0,0,0,0,0,0,0,0,0,0,NA,0
"21TN07GB01-EC",2021,0,1,1,0,0,0,0,1,0,0,0,0,NA,1
"21TN07GB01K-EC",2021,0,0,0,0,0,0,0,0,0,0,0,NA,NA,0
"21TN07GB02-EC",2021,0,0,0,0,0,0,0,0,0,0,0,0,NA,0
"21TN07GB03K-EC",2021,0,0,0,0,0,0,0,0,0,0,0,0,NA,0
"21TN07GB04-EC",2021,0,0,0,0,0,0,0,0,0,0,0,0,NA,0
"21TN08GB01K-EC",2021,0,0,0,0,0,0,0,0,0,0,0,0,NA,0
"21TN09GB01K-EC",2021,0,0,0,0,0,0,0,0,0,0,0,0,NA,0
"21TN09GB01N-EC",2021,0,0,0,0,0,0,0,0,0,0,0,0,NA,0
"21TN09GB03N-EC",2021,0,0,0,0,0,0,0,0,0,0,0,0,NA,0
"21TN09GB04K-EC",2021,0,0,0,0,0,0,0,0,0,0,0,0,NA,0
"21TN10GB01K-EC",2021,0,0,0,0,0,0,0,0,0,0,0,0,NA,0
"21TN10GB01N-EC",2021,0,0,0,0,0,0,0,0,0,0,0,0,NA,0
"21TN10GB02K-EC",2021,0,0,0,0,0,0,0,0,0,0,0,0,NA,0
"21TN10GB04K-EC",2021,0,0,0,0,0,0,0,0,0,0,0,0,NA,0
"21TN11GB01K-EC",2021,0,0,0,0,0,0,0,0,0,0,0,0,NA,1
"21TN11GB01N-EC",2021,0,1,0,0,0,0,0,1,1,1,0,1,NA,1
"21TN11GB04K-EC",2021,0,0,0,0,0,0,0,0,0,0,0,0,NA,0
"21TN12GB01K-EC",2021,0,0,0,0,0,0,0,0,0,0,0,0,NA,0
"21TN12GB03K-EC",2021,0,0,0,0,0,0,0,0,0,0,0,0,NA,0
"21TN12GB03N-EC",2021,0,0,0,0,0,0,0,0,0,0,0,0,NA,0
"21TN12GB04K-EC",2021,0,0,0,0,0,0,0,0,0,0,0,0,NA,0
"21TN12GB04N-EC",2021,0,0,0,0,0,0,0,0,0,0,0,0,NA,0
"21TX01GB01-EC",2021,0,0,0,0,0,0,0,0,0,0,0,0,NA,0
"21TX01GB03-EC",2021,0,0,0,0,0,0,0,0,0,0,0,0,NA,0
"21TX01GB04-EC",2021,0,0,0,0,0,0,0,0,0,0,0,0,NA,0
"21TX01GB05-EC",2021,0,0,0,0,0,0,0,0,0,0,0,0,NA,0
"21TX02GB03-EC",2021,0,0,0,0,0,0,0,0,0,0,0,0,NA,0
"21TX02GB04-EC",2021,0,0,0,0,0,0,0,0,0,0,0,0,NA,0
"21TX02GB07-EC",2021,0,0,0,0,0,0,0,0,0,0,0,0,NA,0
"21TX03GB07-EC",2021,0,0,0,0,0,0,0,0,0,0,0,0,NA,0
"21TX06GB04-EC",2021,0,0,0,0,0,0,0,0,0,0,0,0,NA,0
"21TX06GB05-EC",2021,0,0,0,0,0,0,0,0,0,0,0,NA,NA,0
"21TX06GB08-EC",2021,0,0,0,0,0,0,0,0,0,0,0,0,NA,0
"21TX07GB01-EC",2021,0,0,0,0,0,0,0,0,0,0,0,0,NA,0
"21TX07GB04-EC",2021,0,0,0,0,0,0,0,0,0,0,0,0,NA,0
"21TX07GB05-EC",2021,0,0,0,0,0,0,0,0,0,0,0,0,NA,0
"21TX08GB06-EC",2021,0,0,0,0,0,0,0,0,0,0,0,0,NA,0
"21TX09GB01-EC",2021,0,0,0,0,0,0,0,0,0,0,0,0,NA,0
"21TX09GB06-EC",2021,0,1,0,0,0,0,0,0,0,0,0,0,NA,1
"21TX09GB07-EC",2021,0,0,0,0,0,0,0,0,0,0,0,0,NA,0
"21TX09GB08-EC",2021,0,0,0,0,0,0,0,0,0,0,0,0,NA,0
"21TX10GB04-EC",2021,0,0,0,0,0,0,0,0,0,0,0,0,NA,0
"21TX10GB05-EC",2021,0,0,0,0,0,0,0,0,0,0,0,0,NA,0
"21TX10GB06-EC",2021,0,0,0,0,0,0,0,0,0,0,0,0,NA,0
"21TX10GB07-EC",2021,0,0,0,0,0,0,0,0,0,0,0,0,NA,0
"21TX11GB01-EC",2021,0,0,0,0,0,0,0,0,0,0,0,0,NA,0
"21TX11GB05-EC",2021,0,0,0,0,0,0,0,0,0,0,0,0,NA,0
"21TX11GB06-EC",2021,0,0,0,0,0,0,0,0,0,0,0,0,NA,0
"21TX11GB08-EC",2021,0,0,0,0,0,0,0,0,0,0,0,0,NA,0
"21TX12GB03-EC",2021,0,0,0,0,0,0,0,0,0,0,0,0,NA,0
