"ID","Year","MACROLIDE","PHENICOL","TETRACYCLINE"
210271082,2017,0,0,1
210271088,2017,0,0,0
210271090,2017,0,0,0
210271093,2017,0,0,0
210271095,2017,0,0,0
210271100,2017,0,0,1
210271104,2017,0,1,1
210271107,2017,0,0,0
210272087,2017,0,0,0
210272089,2017,0,0,1
210272090,2017,0,0,1
210272092,2017,0,0,1
210272096,2017,0,0,1
210272098,2017,0,0,0
210272107,2017,0,0,0
210272111,2017,0,0,0
210272112,2017,0,0,1
210272115,2017,0,0,0
210272120,2017,0,0,1
210272122,2017,0,0,0
210272123,2017,0,0,1
210272126,2017,0,0,1
210272383,2017,0,0,1
210272385,2017,0,0,0
210272387,2017,0,0,0
210272399,2017,0,0,0
210272401,2017,0,0,0
210272403,2017,0,0,1
210272411,2017,0,0,1
210273700,2017,0,0,1
210273703,2017,0,0,0
210273704,2017,0,0,1
210273705,2017,0,0,0
210273979,2017,0,0,0
210273982,2017,0,0,1
210273983,2017,0,0,0
210273985,2017,0,0,1
210273992,2017,0,0,1
210273998,2017,0,0,0
210273999,2017,0,0,0
210274001,2017,0,0,1
210275360,2017,0,0,1
210275363,2017,0,0,1
210275364,2017,0,0,1
210275365,2017,0,0,1
210275366,2017,0,0,0
210275369,2017,0,0,0
210275370,2017,0,0,0
210275372,2017,0,0,1
210275374,2017,0,0,0
210275375,2017,0,0,1
210275376,2017,0,0,0
210275379,2017,0,0,1
210275386,2017,0,0,0
210275388,2017,0,0,0
210275678,2017,0,0,0
210275683,2017,0,0,0
210275685,2017,0,0,0
210275695,2017,0,0,0
210275697,2017,0,0,0
210275698,2017,0,0,1
210277098,2017,0,0,0
210277099,2017,0,0,0
210277100,2017,0,0,0
210278533,2017,0,0,0
210278534,2017,0,0,1
210278535,2017,0,0,1
210278537,2017,0,0,0
210278540,2017,0,0,0
210278547,2017,0,0,1
210278548,2017,0,0,0
210278549,2017,0,0,1
210278552,2017,0,0,1
210278555,2017,0,0,1
210278563,2017,0,0,0
210278566,2017,0,0,0
210278568,2017,0,1,1
210278571,2017,0,0,1
210278575,2017,0,1,1
210278576,2017,0,0,1
210278937,2017,0,0,0
210278940,2017,0,0,1
210278941,2017,0,0,0
210278943,2017,0,0,0
210278944,2017,0,0,0
210280070,2017,0,0,0
210280073,2017,0,0,0
210280074,2017,0,1,1
210280076,2017,0,0,1
210280077,2017,0,0,0
210280086,2017,0,0,1
210280087,2017,0,0,0
210280088,2017,0,0,0
210280092,2017,0,0,0
210280094,2017,0,0,0
210280097,2017,0,0,0
210280098,2017,0,0,0
210280101,2017,0,0,1
210280103,2017,0,0,0
210280106,2017,0,0,0
210280111,2017,0,0,1
210280119,2017,0,0,1
210280126,2017,0,0,0
210280436,2017,0,0,1
210280443,2017,0,0,0
210280444,2017,0,0,1
210280445,2017,0,0,0
210280446,2017,0,0,1
210280447,2017,0,0,0
210281562,2017,0,1,1
210281563,2017,0,0,0
210281568,2017,0,0,0
210281569,2017,0,0,0
210281936,2017,0,0,0
210281940,2017,0,0,1
210281946,2017,0,0,1
210281952,2017,0,0,0
210281953,2017,0,0,1
210281955,2017,0,0,1
210283209,2017,0,0,0
210283215,2017,0,0,0
210283217,2017,0,0,0
210283218,2017,0,0,0
210283221,2017,0,0,1
210283222,2017,0,0,0
210283226,2017,0,0,0
210283230,2017,0,0,0
210283237,2017,0,0,0
210283574,2017,0,0,0
210284973,2017,0,0,1
210284979,2017,0,1,1
210284980,2017,0,0,1
210284981,2017,0,0,0
210284982,2017,0,0,1
210284983,2017,0,0,0
210284984,2017,0,0,0
210284992,2017,0,0,0
210284993,2017,0,0,1
210285001,2017,0,0,0
210285002,2017,0,0,1
210285003,2017,0,0,0
210285004,2017,0,0,1
210285005,2017,0,0,1
210285008,2017,0,0,1
210285009,2017,0,0,1
210285013,2017,0,0,1
210285015,2017,0,0,1
210285017,2017,0,1,1
210285018,2017,0,0,0
210285019,2017,0,0,0
210285020,2017,0,0,0
210285331,2017,0,0,1
210285333,2017,0,0,0
210286687,2017,0,0,1
210286691,2017,0,0,1
210286692,2017,0,0,0
210286693,2017,0,0,0
210286694,2017,0,0,0
210286695,2017,0,1,0
210286699,2017,0,0,0
210286700,2017,0,0,1
210286701,2017,0,0,1
210286702,2017,0,0,0
210286703,2017,0,0,1
210286705,2017,0,0,1
210286707,2017,0,0,1
210286708,2017,0,0,1
210286709,2017,0,0,1
210286711,2017,0,1,1
210286714,2017,0,0,1
210286715,2017,0,0,1
210286717,2017,0,0,0
210286718,2017,0,0,0
210286719,2017,0,0,0
210286720,2017,0,0,1
210286979,2017,0,1,1
210286985,2017,0,0,0
210286993,2017,0,0,0
210288264,2017,0,0,0
210288270,2017,0,0,0
210288271,2017,0,0,0
210288274,2017,0,0,0
210288275,2017,0,0,1
210288276,2017,0,0,0
210288279,2017,0,0,0
210288282,2017,0,0,0
210288284,2017,0,0,0
210288285,2017,0,1,1
210288286,2017,0,0,0
210288288,2017,0,0,1
210288290,2017,0,0,1
210288639,2017,0,0,0
210288640,2017,0,0,0
210288641,2017,0,0,1
210288644,2017,0,0,0
210289987,2017,0,0,0
210289988,2017,0,0,1
210289989,2017,0,0,0
210289990,2017,0,0,0
210289994,2017,0,0,0
210289998,2017,0,0,0
210290004,2017,0,0,1
210290353,2017,0,0,1
210290355,2017,0,0,0
210290359,2017,0,0,0
210290361,2017,0,0,0
210290362,2017,0,0,0
210291576,2017,0,0,0
210291581,2017,0,0,1
210291582,2017,0,0,0
210291586,2017,0,0,0
210291587,2017,0,1,1
210291593,2017,0,0,1
210291595,2017,0,1,1
210291597,2017,0,0,0
210291601,2017,0,0,0
210291605,2017,0,0,0
210291609,2017,0,0,0
210291610,2017,0,0,0
210291611,2017,0,0,1
210291612,2017,0,0,0
210291613,2017,0,1,1
210291614,2017,0,0,1
210291875,2017,0,0,0
210291877,2017,0,0,1
210291880,2017,0,0,1
210291884,2017,0,0,1
210291891,2017,0,0,0
210291894,2017,0,0,0
210292997,2017,0,0,1
210293000,2017,0,1,1
210293002,2017,0,0,0
210293004,2017,0,0,0
210293012,2017,0,0,0
210293018,2017,0,0,1
210293019,2017,0,0,0
210293020,2017,0,0,1
210293021,2017,0,0,1
210293022,2017,0,0,0
210293024,2017,0,0,0
210293025,2017,0,0,1
210293028,2017,0,1,1
210293032,2017,0,0,0
210293033,2017,0,0,0
210293035,2017,0,0,0
210293307,2017,0,0,1
210293308,2017,0,1,1
210293309,2017,0,0,0
210293310,2017,0,1,1
210293312,2017,0,0,0
210293313,2017,0,0,1
210293317,2017,0,0,0
210293321,2017,0,0,0
210294610,2017,0,0,0
210294612,2017,0,0,0
210294614,2017,0,0,1
210294616,2017,0,0,1
210294618,2017,0,0,0
210294619,2017,0,0,0
210294620,2017,0,0,0
210294621,2017,0,0,0
210294622,2017,0,0,0
210294623,2017,0,0,0
210294626,2017,0,0,0
210294628,2017,0,0,0
210294631,2017,0,0,0
210294637,2017,0,1,1
210294638,2017,0,0,0
210294640,2017,0,0,0
210294642,2017,0,0,1
210294958,2017,0,0,0
210294961,2017,0,0,1
210294962,2017,0,0,0
210294968,2017,0,1,1
210294969,2017,0,0,0
210294970,2017,0,0,0
210294975,2017,0,0,0
210294977,2017,0,0,0
210294978,2017,0,0,0
210296427,2017,0,1,1
210296431,2017,0,0,1
210296434,2017,0,0,1
210296435,2017,0,0,1
210296439,2017,0,0,0
210296441,2017,0,0,0
210296443,2017,0,0,0
210296444,2017,0,0,0
210296446,2017,0,1,1
210296447,2017,0,0,1
210296769,2017,0,0,0
210298005,2017,0,0,0
210298007,2017,0,0,0
210298008,2017,0,0,1
210298009,2017,0,0,0
210298011,2017,0,0,0
210298012,2017,0,0,1
210298013,2017,0,0,1
210298016,2017,0,0,1
210298020,2017,0,0,0
210298023,2017,0,0,1
210298025,2017,0,0,1
210298026,2017,0,0,0
210298027,2017,0,0,0
210298029,2017,0,0,1
210298263,2017,0,0,1
210298265,2017,0,0,0
210298266,2017,0,0,0
210298267,2017,0,0,0
210298268,2017,0,0,0
210298270,2017,0,0,1
210298273,2017,0,0,0
210299458,2017,0,0,1
210299459,2017,0,0,0
210299465,2017,0,0,0
210299466,2017,0,0,0
210299467,2017,0,0,0
210299469,2017,0,0,0
210299470,2017,0,0,0
210299471,2017,0,0,0
210299473,2017,0,0,0
210299476,2017,0,0,0
210299478,2017,0,0,0
210299826,2017,0,0,0
210299827,2017,0,0,1
210299829,2017,0,0,0
210299830,2017,0,0,0
210299832,2017,0,0,0
210299833,2017,0,0,0
210299834,2017,0,1,1
210299841,2017,0,0,0
210301086,2017,0,0,1
210301087,2017,0,0,0
210301089,2017,0,0,1
210301090,2017,0,0,0
210301091,2017,0,0,1
210301093,2017,0,0,0
210301100,2017,0,0,0
210301106,2017,0,0,1
210301108,2017,0,0,1
210301111,2017,0,0,0
210301112,2017,0,1,1
210301115,2017,0,0,1
210301119,2017,0,0,0
210301120,2017,0,0,0
210301121,2017,0,0,1
210301125,2017,0,0,0
210301126,2017,0,0,1
210301474,2017,0,1,1
210301477,2017,0,0,0
210301482,2017,0,0,0
210301483,2017,0,0,0
210301485,2017,0,0,1
210301488,2017,0,0,1
210301495,2017,0,0,1
210302717,2017,0,0,0
210302719,2017,0,0,1
210302720,2017,0,0,0
210302721,2017,0,0,0
210302722,2017,0,1,1
210302723,2017,0,0,1
210302724,2017,0,0,0
210302725,2017,0,0,0
210302731,2017,0,0,0
210302732,2017,0,0,0
210302733,2017,0,0,0
210302734,2017,0,0,0
210302736,2017,0,0,1
210302739,2017,0,0,0
210302740,2017,0,0,0
210302741,2017,0,0,1
210302747,2017,0,0,0
210303105,2017,0,0,0
210303108,2017,0,0,0
210303109,2017,0,0,1
210303113,2017,0,0,0
210303114,2017,0,0,0
210303115,2017,0,0,0
210304396,2017,0,0,1
210304400,2017,0,0,0
210304401,2017,0,0,0
210304407,2017,0,0,1
210304409,2017,0,0,1
210304783,2017,0,0,1
210304787,2017,0,0,0
210304789,2017,0,0,0
210304793,2017,0,0,0
210304796,2017,0,0,1
210305683,2017,0,0,0
210305684,2017,0,0,0
210305686,2017,0,0,1
210305691,2017,0,0,1
210305692,2017,0,0,0
210305693,2017,0,0,0
210305699,2017,0,0,0
210305701,2017,0,0,0
210305704,2017,0,0,0
210305724,2017,0,0,0
210306004,2017,0,0,0
210306005,2017,0,0,1
210306007,2017,0,0,0
210306010,2017,0,0,0
210306011,2017,0,0,0
210306012,2017,0,0,0
210306015,2017,0,0,1
210306016,2017,0,0,0
210306018,2017,0,0,0
210306020,2017,0,0,0
210307269,2017,0,0,0
210307270,2017,0,0,0
210307272,2017,0,0,1
210307273,2017,0,0,1
210307274,2017,0,0,0
210307275,2017,0,0,0
210307277,2017,0,0,0
210307279,2017,0,0,1
210307281,2017,0,0,0
210307283,2017,0,1,1
210307284,2017,0,0,1
210307285,2017,0,0,0
210307286,2017,0,0,0
210307288,2017,0,0,0
210307297,2017,0,0,0
210307298,2017,0,0,1
210307300,2017,0,0,1
210307307,2017,0,0,1
210307591,2017,0,0,1
210307593,2017,0,0,0
210307603,2017,0,0,0
210307609,2017,0,0,0
210307610,2017,0,0,1
210307611,2017,0,0,0
210307614,2017,0,0,1
210308926,2017,0,0,1
210308928,2017,0,0,0
210308932,2017,0,0,1
210308937,2017,0,0,1
210308942,2017,0,0,0
210308943,2017,0,0,0
210308946,2017,0,0,0
210308950,2017,0,0,1
210308953,2017,0,0,0
210308954,2017,0,0,1
210308955,2017,0,0,0
210308956,2017,0,0,1
210309295,2017,0,0,1
210309299,2017,0,0,1
210309307,2017,0,0,1
210309310,2017,0,0,0
210310610,2017,0,0,1
210310611,2017,0,0,0
210310614,2017,0,0,0
210310615,2017,0,0,1
210310616,2017,0,0,1
210310617,2017,0,0,0
210310624,2017,0,0,0
210310627,2017,0,0,1
210310630,2017,0,0,0
210310632,2017,0,0,1
210310637,2017,0,0,0
210310638,2017,0,0,0
210310960,2017,0,0,0
210310964,2017,0,0,1
210310965,2017,0,0,1
210310966,2017,0,0,0
210310968,2017,0,0,0
210312506,2017,0,0,0
210312513,2017,0,0,0
210312515,2017,0,0,0
210312516,2017,0,0,1
210312517,2017,0,0,0
210312519,2017,0,0,1
210312521,2017,0,0,1
210312523,2017,0,0,0
210312525,2017,0,0,0
210312528,2017,0,0,0
210312529,2017,0,0,0
210312531,2017,0,0,1
210312532,2017,0,0,1
210313445,2017,0,0,0
210313447,2017,0,0,1
210313449,2017,0,1,1
210313452,2017,0,0,0
210313456,2017,0,0,1
210313457,2017,0,0,0
210313458,2017,0,0,0
210313463,2017,0,0,0
210313466,2017,0,0,0
210313467,2017,0,0,0
210313471,2017,0,0,0
210313477,2017,0,0,0
210313479,2017,0,0,0
210313486,2017,0,0,0
210313784,2017,0,0,0
210313793,2017,0,0,0
210313797,2017,0,0,0
210313805,2017,0,0,0
210313807,2017,0,0,0
210315166,2017,0,0,1
210315169,2017,0,0,0
210315170,2017,0,0,0
210315171,2017,0,0,1
210315172,2017,0,0,0
210315173,2017,0,0,1
210315176,2017,0,0,0
210315178,2017,0,0,1
210315180,2017,0,0,1
210315181,2017,0,0,0
210315186,2017,0,0,0
210315187,2017,0,1,1
210315188,2017,0,0,0
210315190,2017,0,0,0
210315191,2017,0,0,1
210315193,2017,0,0,0
210315194,2017,0,0,0
210315197,2017,0,0,0
210315199,2017,0,0,0
210315200,2017,0,0,0
210315203,2017,0,0,1
210315204,2017,0,0,0
210315205,2017,0,0,0
210315206,2017,0,0,1
210315512,2017,0,0,0
210315514,2017,0,0,0
210315515,2017,0,0,0
210315516,2017,0,0,0
210315524,2017,0,0,0
210315527,2017,0,0,0
210315530,2017,0,0,0
210318709,2017,0,0,0
210318711,2017,0,1,1
210318712,2017,0,0,0
210318713,2017,0,0,0
210318715,2017,0,0,0
210318719,2017,0,0,0
210318721,2017,0,0,1
210318723,2017,0,0,1
210318725,2017,0,0,0
210318726,2017,0,0,0
210318727,2017,0,0,0
210318728,2017,0,0,1
210318732,2017,0,0,0
210318734,2017,0,0,0
210318735,2017,0,0,0
210318737,2017,0,0,1
210318740,2017,0,0,1
210318741,2017,0,0,1
210318742,2017,0,0,0
210318743,2017,0,0,0
210318747,2017,0,0,0
210319057,2017,0,0,1
210319060,2017,0,0,0
210319062,2017,0,0,0
210320173,2017,0,1,1
210320178,2017,0,0,1
210320182,2017,0,0,0
210320185,2017,0,0,0
210320192,2017,0,0,0
210320194,2017,0,0,1
210320195,2017,0,1,1
210320196,2017,0,0,0
210320198,2017,0,0,0
210320200,2017,0,0,0
210320206,2017,0,0,0
210320209,2017,0,0,0
210320210,2017,0,0,1
210320213,2017,0,0,1
210320217,2017,0,0,0
210320522,2017,0,0,1
210320523,2017,0,0,0
210320526,2017,0,0,0
210320528,2017,0,0,0
210320530,2017,0,0,1
210321940,2017,0,0,0
210321942,2017,0,0,1
210321943,2017,0,0,0
210321945,2017,0,0,0
210321947,2017,0,0,0
210321952,2017,0,0,0
210321953,2017,0,0,0
210321954,2017,0,0,0
210321965,2017,0,0,1
210321966,2017,0,0,1
210322262,2017,0,0,0
210322267,2017,0,0,1
210322268,2017,0,0,1
210322273,2017,0,0,0
210323514,2017,0,0,1
210323515,2017,0,0,1
210323516,2017,0,0,0
210323520,2017,0,0,0
210323521,2017,0,0,1
210323522,2017,0,0,0
210323528,2017,0,0,0
210323532,2017,0,0,0
210323536,2017,0,0,0
210323537,2017,0,0,1
210323538,2017,0,0,0
210323542,2017,0,0,0
210323544,2017,0,0,0
210323833,2017,0,0,0
210323836,2017,0,0,0
210323839,2017,0,0,0
210323843,2017,0,0,0
210323846,2017,0,0,1
210323847,2017,0,0,0
210323850,2017,0,0,0
210325063,2017,0,0,1
210325064,2017,0,0,1
210325067,2017,0,0,1
210325068,2017,0,0,1
210325074,2017,0,0,1
210325087,2017,0,0,1
210325089,2017,0,0,0
210325090,2017,0,0,0
210325095,2017,0,0,1
210325101,2017,0,0,1
210325102,2017,0,1,1
210325103,2017,0,0,1
210325105,2017,0,0,0
210325108,2017,0,0,0
210325109,2017,0,0,0
210325112,2017,0,0,1
210325117,2017,0,0,1
210325395,2017,0,0,0
210325397,2017,0,0,1
210325399,2017,0,0,0
210325403,2017,0,0,0
210325406,2017,0,0,0
210325407,2017,0,0,0
210325413,2017,0,0,0
210325415,2017,0,0,1
210326635,2017,0,0,1
210326637,2017,0,0,0
210326639,2017,0,0,0
210326641,2017,0,1,1
210326642,2017,0,0,0
210326643,2017,0,0,1
210326652,2017,0,0,0
210326654,2017,0,0,0
210326658,2017,0,1,1
210326659,2017,0,0,1
210326663,2017,0,0,0
210326664,2017,0,0,0
210326666,2017,0,0,0
210326668,2017,0,0,1
210326671,2017,0,0,0
210326672,2017,0,0,0
210326674,2017,0,0,0
210326976,2017,0,0,0
210326978,2017,0,0,0
210327545,2017,0,1,1
210327548,2017,0,0,0
210327549,2017,0,0,0
210327550,2017,0,0,1
210327551,2017,0,0,1
210328393,2017,0,1,1
210328397,2017,0,0,0
210328402,2017,0,1,1
210328409,2017,0,0,1
210328410,2017,0,0,0
210328418,2017,0,0,1
210328420,2017,0,0,0
210328424,2017,0,0,1
210328432,2017,0,0,0
210328440,2017,0,0,0
210328452,2017,0,0,0
210328748,2017,0,0,0
210328772,2017,0,0,0
210328777,2017,0,0,1
210328778,2017,0,0,0
210328784,2017,0,0,1
210328795,2017,0,0,0
210328801,2017,0,0,1
210330097,2017,0,0,0
210330098,2017,0,0,1
210330100,2017,0,0,0
210330101,2017,0,0,1
210330108,2017,0,0,0
210330110,2017,0,0,0
210330111,2017,0,0,0
210330112,2017,0,0,0
210330117,2017,0,0,0
210330120,2017,0,0,1
210330133,2017,0,0,0
210330134,2017,0,0,0
210330136,2017,0,0,0
210330137,2017,0,0,0
210330141,2017,0,0,0
210330435,2017,0,0,1
210330436,2017,0,0,1
210330440,2017,0,0,0
210330442,2017,0,0,0
210330443,2017,0,0,1
210330451,2017,0,0,1
210330452,2017,0,0,1
210330458,2017,0,0,0
210330462,2017,0,0,0
210330465,2017,0,0,1
210330467,2017,0,0,1
210331716,2017,0,0,1
210331721,2017,0,0,0
210331722,2017,0,0,0
210331723,2017,0,0,1
210331725,2017,0,0,0
210331726,2017,0,0,0
210331734,2017,0,1,1
210331737,2017,0,0,1
210331738,2017,0,0,0
210331747,2017,0,0,0
210331748,2017,0,0,0
210331749,2017,0,0,1
210331756,2017,0,0,1
210331757,2017,0,0,0
210332016,2017,0,0,0
210332019,2017,0,1,0
210332021,2017,0,0,0
210332022,2017,0,0,0
210332023,2017,0,0,0
210332024,2017,0,0,0
210333011,2017,0,0,1
210333014,2017,0,0,0
210333016,2017,0,0,1
210333020,2017,0,0,1
210333022,2017,0,0,1
210333023,2017,0,0,0
210333025,2017,0,0,0
210333029,2017,0,0,1
210333032,2017,0,0,1
210333372,2017,0,1,1
210333375,2017,0,0,0
210333383,2017,0,0,0
210333389,2017,0,0,1
210333391,2017,0,0,1
210333392,2017,0,0,0
210333394,2017,0,1,1
210333397,2017,0,0,0
210333405,2017,0,0,0
210334719,2017,0,0,1
210334722,2017,0,0,0
210334726,2017,0,0,0
210334728,2017,0,0,0
210334730,2017,0,0,0
210334731,2017,0,0,0
210334736,2017,0,0,0
210334741,2017,0,0,0
210334742,2017,0,0,1
210334743,2017,0,0,1
210334745,2017,0,0,0
210334746,2017,0,0,0
210334750,2017,0,0,0
210334767,2017,0,0,1
210335155,2017,0,0,1
210335156,2017,0,0,1
210335157,2017,0,0,0
210335159,2017,0,0,0
210335160,2017,0,0,0
210335162,2017,0,0,0
210335163,2017,0,0,0
210335164,2017,0,0,0
210335169,2017,0,0,1
210335172,2017,0,0,0
210335176,2017,0,0,0
210336520,2017,0,0,0
210336522,2017,0,0,0
210336523,2017,0,0,0
210336527,2017,0,0,0
210336528,2017,0,0,0
210336530,2017,0,0,1
210336532,2017,0,0,0
210336536,2017,0,0,1
210336537,2017,0,0,1
210336538,2017,0,0,0
210336541,2017,0,0,0
210336542,2017,0,0,0
210336546,2017,0,0,1
210336548,2017,0,0,0
210336925,2017,0,0,1
210336928,2017,0,0,0
210336934,2017,0,0,0
210336940,2017,0,0,0
210338206,2017,0,0,1
210338207,2017,0,0,0
210338209,2017,0,0,1
210338210,2017,0,0,0
210338503,2017,0,0,0
210338504,2017,0,0,1
210338505,2017,0,0,0
210338507,2017,0,0,0
210338508,2017,0,0,0
210338509,2017,0,1,1
210338510,2017,0,0,0
210338511,2017,0,0,0
210338513,2017,0,0,0
210339740,2017,0,0,1
210339742,2017,0,0,0
210339743,2017,0,0,1
210339745,2017,0,0,1
210339747,2017,0,0,1
210339748,2017,0,0,0
210339752,2017,0,0,0
210339753,2017,0,1,1
210339756,2017,0,0,0
210339758,2017,0,0,0
210339759,2017,0,0,0
210339760,2017,0,0,1
210339763,2017,0,0,0
210339764,2017,0,0,1
210339765,2017,0,0,0
210339769,2017,0,0,0
210339770,2017,0,0,0
210339772,2017,0,0,0
210339773,2017,0,0,0
210339775,2017,0,0,0
210339777,2017,0,0,0
210339779,2017,0,1,1
210339780,2017,0,0,0
210339781,2017,0,0,1
210339784,2017,0,0,0
210340136,2017,0,0,0
210340137,2017,0,0,1
210340139,2017,0,0,0
210341302,2017,0,0,1
210341303,2017,0,0,0
210341305,2017,0,0,0
210341309,2017,0,0,0
210341311,2017,0,0,0
210341318,2017,0,0,1
210341320,2017,0,0,1
210341322,2017,0,0,0
210341323,2017,0,0,1
210341324,2017,0,0,1
210341329,2017,0,0,0
210341333,2017,0,0,0
210341667,2017,0,0,0
210341672,2017,0,0,1
210341673,2017,0,0,1
210341680,2017,0,0,0
210341681,2017,0,0,0
210343134,2017,0,0,0
210343135,2017,0,0,1
210343139,2017,0,0,0
210343143,2017,0,0,0
210343151,2017,0,0,1
210343155,2017,0,0,0
210343161,2017,0,0,1
210343164,2017,0,0,0
210343167,2017,0,0,1
210343169,2017,0,0,0
210343170,2017,0,0,1
210343178,2017,0,0,1
210344382,2017,0,0,1
210344383,2017,0,0,0
210344385,2017,0,0,0
210344387,2017,0,0,0
210344390,2017,0,0,0
210344392,2017,0,0,0
210344393,2017,0,0,0
210344395,2017,0,0,0
210344396,2017,0,0,0
210344401,2017,0,0,0
210344764,2017,0,0,0
210344768,2017,0,0,1
210344777,2017,0,0,0
210344783,2017,0,0,1
210344787,2017,0,0,1
210344791,2017,0,0,1
210344792,2017,0,0,1
210344799,2017,0,0,0
210344800,2017,0,0,1
210344802,2017,0,0,0
210346010,2017,0,0,0
210346011,2017,0,0,0
210346012,2017,0,0,0
210346013,2017,0,0,0
210346016,2017,0,0,1
210346017,2017,0,0,0
210346018,2017,0,1,1
210346019,2017,0,0,0
210346020,2017,0,0,0
210346023,2017,0,0,0
210346026,2017,0,0,1
210346027,2017,0,0,0
210346028,2017,0,0,1
210346029,2017,0,0,0
210346030,2017,0,0,1
210346031,2017,1,0,1
210346032,2017,0,0,0
210346037,2017,0,0,0
210346042,2017,0,0,0
210346045,2017,0,0,0
210346046,2017,0,0,0
210346048,2017,0,0,1
210346052,2017,0,0,0
210346424,2017,0,0,0
210346425,2017,0,0,0
210346426,2017,0,0,0
210346427,2017,0,0,0
210346429,2017,0,0,0
210346430,2017,0,0,0
210346431,2017,0,0,0
210346433,2017,0,0,0
210346437,2017,0,0,1
210346438,2017,0,0,0
210346442,2017,0,0,0
210346448,2017,0,0,0
210346455,2017,0,1,1
210347750,2017,0,0,0
210347758,2017,0,0,0
210347766,2017,0,0,0
210347767,2017,0,0,0
210347775,2017,0,0,0
210347778,2017,0,0,0
210347782,2017,0,1,1
210347786,2017,0,0,0
210347787,2017,0,0,1
210347791,2017,0,0,0
210347792,2017,0,0,1
210347801,2017,0,0,0
210348147,2017,0,0,0
210348148,2017,0,0,0
210348151,2017,0,0,1
210348153,2017,0,0,0
210348160,2017,0,0,0
210348165,2017,0,0,0
210348167,2017,0,1,1
210348168,2017,0,0,0
210348170,2017,0,0,0
210348173,2017,0,0,0
210348178,2017,0,0,0
210348180,2017,0,0,0
210352668,2018,0,0,1
210352670,2018,0,0,1
210352674,2018,0,0,0
210352675,2018,0,0,1
210352676,2017,0,0,1
210352681,2018,0,0,0
210352682,2017,0,0,0
210352687,2017,0,0,0
210352690,2017,0,0,0
210352693,2017,0,0,0
210352695,2018,0,0,0
210352696,2018,0,0,0
210352702,2017,0,0,1
210352976,2018,0,0,0
210353750,2018,0,1,1
210353751,2018,0,0,0
210353753,2018,0,0,0
210353754,2018,0,0,0
210353755,2018,0,0,0
210353761,2018,0,0,0
210353771,2018,0,0,1
210353776,2018,0,0,1
210353778,2018,0,0,1
210353781,2018,0,0,1
210353788,2018,0,0,1
210353789,2018,0,0,0
210354059,2018,0,0,0
210354063,2018,0,0,0
210354070,2018,0,1,1
210354071,2018,0,0,1
210354076,2018,0,0,0
210354078,2018,0,0,0
210354079,2018,0,1,1
210354959,2018,0,0,0
210354960,2018,0,0,1
210354961,2018,0,0,0
210354964,2018,0,0,0
210354965,2018,0,0,0
210354966,2018,0,0,1
210355031,2018,0,0,1
210355039,2018,0,0,0
210355041,2018,0,0,0
210355042,2018,0,0,0
210355260,2018,0,0,1
210355263,2018,0,0,0
210355264,2018,0,0,0
210355267,2018,0,0,1
210355268,2018,0,0,1
210355269,2018,0,0,0
210355273,2018,0,0,1
210355278,2018,0,0,0
210355281,2018,0,0,0
210355283,2018,0,0,0
210355357,2018,0,0,0
210355359,2018,0,0,1
210355366,2018,0,1,1
210355370,2018,0,0,1
210355376,2018,0,0,1
210356615,2018,0,0,0
210356621,2018,0,0,0
210356627,2018,0,0,0
210356629,2018,0,0,0
210356630,2018,0,0,1
210356631,2018,0,0,1
210356633,2018,0,0,0
210356635,2018,0,0,1
210356636,2018,0,0,0
210356638,2018,0,0,0
210356641,2018,0,0,0
210356643,2018,0,0,0
210356645,2018,0,0,0
210356646,2018,0,0,0
210356647,2018,0,1,1
210356652,2018,0,0,0
210357010,2018,0,0,1
210357015,2018,0,0,0
210357016,2018,0,0,0
210357017,2018,0,0,1
210357027,2018,0,0,1
210357029,2018,0,0,1
210357032,2018,0,0,1
210357035,2018,0,0,0
210358534,2018,0,0,0
210358537,2018,0,0,0
210358539,2018,0,0,1
210358541,2018,0,0,0
210358547,2018,0,0,0
210358548,2018,0,0,1
210358550,2018,0,0,0
210358552,2018,0,0,0
210358557,2018,0,0,1
210358560,2018,0,0,0
210358564,2018,0,1,1
210358566,2018,0,0,0
210358569,2018,0,0,0
210358570,2018,0,0,0
210358573,2018,0,0,0
210358575,2018,0,0,0
210358577,2018,0,0,0
210358578,2018,0,0,0
210358580,2018,0,0,0
210358583,2018,0,0,0
210358584,2018,0,0,0
210358890,2018,0,0,0
210358891,2018,0,0,0
210358892,2018,0,0,1
210358894,2018,0,0,1
210358899,2018,0,0,0
210358901,2018,0,0,0
210358914,2018,0,0,1
210360305,2018,0,1,1
210360307,2018,0,0,0
210360312,2018,0,0,0
210360313,2018,0,0,0
210360318,2018,0,1,1
210360319,2018,0,0,0
210360321,2018,0,0,1
210360327,2018,0,0,0
210360334,2018,0,0,1
210360616,2018,0,1,1
210360635,2018,0,0,1
210360636,2018,0,0,1
210360642,2018,0,0,0
210360644,2018,0,0,0
210360645,2018,0,0,0
210362063,2018,0,0,0
210362067,2018,0,0,0
210362070,2018,0,0,0
210362071,2018,0,0,0
210362072,2018,0,0,0
210362080,2018,0,0,0
210362082,2018,0,0,1
210362083,2018,0,0,0
210362086,2018,0,0,0
210362087,2018,0,0,1
210362089,2018,0,0,1
210362091,2018,0,0,0
210362092,2018,0,0,0
210362093,2018,0,0,0
210362095,2018,0,0,0
210362100,2018,0,0,0
210362444,2018,0,0,0
210362447,2018,0,0,0
210362449,2018,0,0,0
210362452,2018,0,0,1
210362458,2018,0,0,0
210362459,2018,0,0,1
210363527,2018,0,1,1
210363528,2018,0,1,1
210363529,2018,0,0,0
210363540,2018,0,0,0
210363544,2018,0,0,0
210363545,2018,0,0,0
210363546,2018,0,0,0
210363549,2018,0,0,0
210363553,2018,0,0,1
210363554,2018,0,0,0
210363557,2018,0,0,0
210363558,2018,0,0,0
210363559,2018,0,0,1
210363563,2018,0,0,0
210363564,2018,0,1,1
210364041,2018,0,1,1
210364044,2018,0,0,0
210364048,2018,0,0,0
210364055,2018,0,0,0
210364057,2018,0,0,0
210364058,2018,0,0,0
210364065,2018,0,0,0
210364066,2018,0,0,1
210364071,2018,0,0,0
210365519,2018,0,0,0
210365522,2018,0,0,0
210365534,2018,0,0,0
210365537,2018,0,0,0
210365538,2018,0,1,1
210365539,2018,0,0,0
210365540,2018,0,0,1
210365543,2018,0,0,0
210365544,2018,0,0,0
210365545,2018,0,0,0
210365547,2018,0,0,1
210367047,2018,0,0,1
210367049,2018,0,1,1
210367050,2018,0,0,0
210367051,2018,0,0,0
210367054,2018,0,0,0
210367055,2018,0,0,0
210367056,2018,0,0,0
210367059,2018,0,1,1
210367060,2018,0,0,0
210367063,2018,0,0,0
210367064,2018,0,1,1
210367068,2018,0,0,0
210367070,2018,0,0,0
210367076,2018,0,0,0
210367078,2018,0,0,1
210367080,2018,0,0,0
210367081,2018,0,0,0
210367083,2018,0,0,1
210367085,2018,0,0,0
210367086,2018,0,0,0
210367087,2018,0,0,1
210367088,2018,0,1,1
210367444,2018,0,0,1
210367445,2018,0,0,0
210367447,2018,0,0,1
210367448,2018,0,0,0
210367451,2018,0,0,0
210367453,2018,0,0,0
210367455,2018,0,0,1
210367463,2018,0,0,0
210367467,2018,0,0,1
210367469,2018,0,0,1
210367471,2018,0,0,0
210367473,2018,0,0,1
210367475,2018,0,0,1
210368648,2018,0,0,1
210368653,2018,0,0,0
210368662,2018,0,0,1
210368664,2018,0,0,0
210368666,2018,0,0,0
210368667,2018,0,0,0
210368671,2018,0,0,0
210368676,2018,0,0,0
210368677,2018,0,0,0
210368685,2018,0,0,1
210368688,2018,0,0,0
210368689,2018,0,0,0
210368692,2018,0,0,1
210368703,2018,0,0,0
210368704,2018,0,0,0
210368705,2018,0,0,0
210369036,2018,0,0,0
210369042,2018,0,0,0
210369051,2018,0,1,1
210369057,2018,0,1,1
210370328,2018,0,0,0
210370330,2018,0,0,1
210370336,2018,0,0,1
210370338,2018,0,0,1
210370340,2018,0,0,1
210370347,2018,0,0,0
210370348,2018,0,0,1
210370349,2018,0,0,0
210370351,2018,0,0,0
210370678,2018,0,0,0
210370679,2018,0,0,1
210370683,2018,0,0,0
210370689,2018,0,0,1
210370690,2018,0,0,0
210370693,2018,0,1,1
210370695,2018,0,0,1
210370705,2018,0,0,1
210371965,2018,0,0,1
210371966,2018,0,0,0
210371970,2018,0,0,0
210371977,2018,0,0,0
210371978,2018,0,0,0
210371979,2018,0,0,0
210371984,2018,0,1,1
210371988,2018,0,0,1
210371991,2018,0,0,1
210372275,2018,0,0,1
210372276,2018,0,0,1
210372278,2018,0,0,1
210372281,2018,0,0,1
210372282,2018,0,0,0
210372283,2018,0,1,1
210372287,2018,0,0,0
210372290,2018,0,0,0
210372295,2018,0,0,0
210372299,2018,0,0,0
210372301,2018,0,0,0
210372307,2018,0,0,1
210372310,2018,0,0,1
210372311,2018,0,0,1
210372313,2018,0,0,0
210373541,2018,0,0,0
210373543,2018,0,0,0
210373546,2018,0,0,1
210373547,2018,0,0,0
210373553,2018,0,0,1
210373554,2018,0,0,1
210373555,2018,0,0,1
210373556,2018,0,0,1
210373557,2018,0,0,1
210373558,2018,0,0,1
210373564,2018,0,0,0
210373565,2018,0,0,0
210373566,2018,0,0,1
210373567,2018,0,0,0
210373570,2018,0,0,0
210373571,2018,0,0,0
210373572,2018,0,0,0
210373573,2018,0,0,0
210373574,2018,0,0,0
210373575,2018,0,0,0
210373849,2018,0,0,1
210373850,2018,0,0,0
210373852,2018,0,0,0
210373858,2018,0,0,0
210373859,2018,0,0,0
210373860,2018,0,0,0
210373863,2018,0,0,0
210373869,2018,0,0,0
210373871,2018,0,0,0
210373872,2018,0,0,0
210373874,2018,0,0,0
210373875,2018,0,0,1
210375148,2018,0,0,1
210375149,2018,0,0,0
210375150,2018,0,0,0
210375151,2018,0,0,1
210375152,2018,0,0,1
210375156,2018,0,0,0
210375161,2018,0,0,0
210375162,2018,0,0,0
210375163,2018,0,0,1
210375179,2018,0,1,1
210375182,2018,0,1,1
210375185,2018,0,0,1
210375511,2018,0,0,1
210375515,2018,0,0,0
210375518,2018,0,1,1
210375521,2018,0,0,0
210375523,2018,0,0,0
210375528,2018,0,0,1
210376797,2018,0,0,0
210376798,2018,0,0,0
210376801,2018,0,0,1
210376802,2018,0,0,0
210376807,2018,0,0,1
210376808,2018,0,0,0
210376809,2018,0,1,1
210376812,2018,0,0,1
210376815,2018,0,0,1
210376818,2018,0,0,0
210376819,2018,0,0,1
210376820,2018,0,1,1
210376821,2018,0,0,0
210376824,2018,0,0,0
210376826,2018,0,0,0
210376828,2018,0,1,1
210377125,2018,0,0,0
210377130,2018,0,0,0
210377134,2018,0,0,0
210377136,2018,0,0,0
210378430,2018,0,0,0
210378432,2018,0,1,1
210378433,2018,0,0,0
210378434,2018,0,0,0
210378438,2018,0,0,0
210378439,2018,0,0,1
210378444,2018,0,0,1
210378445,2018,0,0,0
210378447,2018,0,0,0
210378448,2018,0,0,0
210378449,2018,0,0,0
210378767,2018,0,0,1
210378778,2018,0,0,0
210378780,2018,0,0,1
210378782,2018,0,0,0
210380091,2018,0,0,1
210380096,2018,0,0,1
210380099,2018,0,0,0
210380103,2018,0,0,1
210380109,2018,0,0,1
210380110,2018,0,0,0
210380121,2018,0,0,1
210380122,2018,0,0,1
210380124,2018,0,0,1
210380125,2018,0,0,1
210380127,2018,0,0,0
210380383,2018,0,0,1
210380384,2018,0,0,1
210380388,2018,0,0,1
210380389,2018,0,0,1
210380390,2018,0,0,1
210380393,2018,0,0,1
210380395,2018,0,0,0
210380397,2018,0,0,0
210380399,2018,0,0,0
210381596,2018,0,0,0
210381613,2018,0,0,0
210381614,2018,0,0,1
210381616,2018,0,0,0
210381617,2018,0,0,0
210381620,2018,0,1,1
210381624,2018,0,0,0
210381625,2018,0,0,1
210381626,2018,0,0,0
210381628,2018,0,0,0
210381630,2018,0,0,0
210381632,2018,0,0,0
210381635,2018,0,0,0
210381637,2018,0,0,0
210381641,2018,0,0,0
210381643,2018,0,0,1
210381645,2018,0,0,0
210381802,2018,0,0,0
210381819,2018,0,0,0
210381985,2018,0,0,1
210381986,2018,0,0,1
210381987,2018,0,0,0
210383275,2018,0,0,0
210383278,2018,0,0,0
210383279,2018,0,0,0
210383282,2018,0,0,0
210383283,2018,0,0,1
210383285,2018,0,0,0
210383288,2018,0,0,0
210383290,2018,0,0,0
210383292,2018,0,0,0
210383293,2018,0,0,0
210383294,2018,0,0,0
210383296,2018,0,0,1
210383299,2018,0,1,1
210383300,2018,0,0,0
210383630,2018,0,0,0
210383633,2018,0,0,0
210383635,2018,0,1,1
210383637,2018,0,0,0
210383638,2018,0,0,0
210383649,2018,0,0,0
210383657,2018,0,0,0
210385028,2018,0,0,0
210385029,2018,0,0,0
210385031,2018,0,0,1
210385035,2018,0,0,0
210385036,2018,0,0,0
210385040,2018,0,0,0
210385042,2018,0,0,0
210385045,2018,0,0,1
210385047,2018,0,0,0
210385048,2018,0,0,1
210385049,2018,0,0,0
210385052,2018,0,0,0
210385351,2018,0,0,1
210385355,2018,0,0,0
210385360,2018,0,0,1
210385365,2018,0,0,0
210385371,2018,0,0,0
210385375,2018,0,0,0
210385376,2018,0,0,0
210387147,2018,0,0,0
210387150,2018,0,0,0
210387152,2018,0,0,0
210387155,2018,0,0,1
210387158,2018,0,1,1
210387160,2018,0,0,1
210387161,2018,0,0,1
210387166,2018,0,0,1
210387169,2018,0,0,1
210387170,2018,0,0,0
210387175,2018,0,0,0
210387176,2018,0,0,0
210387177,2018,0,0,1
210387179,2018,0,0,1
210387181,2018,0,0,0
210387184,2018,0,1,1
210388630,2018,0,0,0
210388631,2018,0,0,0
210388632,2018,0,0,0
210388635,2018,0,0,0
210388637,2018,0,0,0
210388638,2018,0,0,0
210388639,2018,0,0,0
210388642,2018,0,0,0
210388643,2018,0,0,0
210388644,2018,0,0,0
210388647,2018,0,0,0
210388648,2018,0,0,0
210388649,2018,0,0,0
210388650,2018,0,0,1
210388651,2018,0,0,0
210388652,2018,0,0,0
210389026,2018,0,0,1
210389032,2018,0,0,0
210389033,2018,0,1,1
210389042,2018,0,0,1
210389043,2018,0,0,0
210390385,2018,0,1,1
210390386,2018,0,0,1
210390389,2018,0,0,0
210390392,2018,0,0,1
210390393,2018,0,0,0
210390394,2018,0,0,0
210390395,2018,0,0,1
210390396,2018,0,0,0
210390399,2018,0,0,1
210390402,2018,0,0,0
210390404,2018,0,0,1
210390408,2018,0,0,0
210390409,2018,0,0,0
210390411,2018,0,0,0
210390764,2018,0,0,0
210390770,2018,0,0,0
210390772,2018,0,1,1
210390773,2018,0,0,0
210390774,2018,0,0,0
210390775,2018,0,1,1
210390776,2018,0,0,0
210390777,2018,0,0,0
210390781,2018,0,0,0
210390782,2018,0,0,0
210390784,2018,0,0,1
210390788,2018,0,0,0
210390789,2018,0,0,0
210390790,2018,0,0,0
210392317,2018,0,0,0
210392319,2018,0,0,0
210392320,2018,0,0,0
210392321,2018,0,0,1
210392325,2018,0,0,0
210392326,2018,0,0,0
210392327,2018,0,0,0
210392328,2018,0,0,0
210392331,2018,0,0,1
210392333,2018,0,0,0
210392337,2018,0,0,0
210392340,2018,0,0,0
210392341,2018,0,0,1
210392348,2018,0,0,0
210392350,2018,0,1,1
210392665,2018,0,0,0
210392671,2018,0,0,0
210392677,2018,0,0,0
210392680,2018,0,0,0
210392683,2018,0,0,0
210392684,2018,0,0,1
210392687,2018,0,0,1
210392690,2018,0,0,1
210392693,2018,0,0,0
210394305,2018,0,0,0
210394306,2018,0,0,1
210394307,2018,0,0,0
210394308,2018,0,0,0
210394314,2018,0,0,1
210394317,2018,0,0,0
210394321,2018,0,0,0
210394322,2018,0,0,0
210394323,2018,0,0,0
210394330,2018,0,0,0
210394332,2018,0,0,1
210394333,2018,0,0,1
210394335,2018,0,0,0
210394337,2018,0,0,0
210394667,2018,0,0,0
210394674,2018,0,0,0
210394677,2018,0,0,0
210394678,2018,0,0,0
210394680,2018,0,0,1
210394683,2018,0,0,0
210394686,2018,0,0,0
210394689,2018,0,0,0
210394691,2018,0,0,1
210394695,2018,0,0,0
210394699,2018,0,0,0
210396280,2018,0,0,0
210396281,2018,0,0,0
210396285,2018,0,1,1
210396286,2018,0,0,1
210396289,2018,0,0,0
210396292,2018,0,0,0
210396296,2018,0,0,0
210396299,2018,0,0,0
210396305,2018,0,0,1
210396306,2018,0,0,0
210397774,2018,0,0,1
210397777,2018,0,1,1
210397780,2018,0,0,0
210397786,2018,0,0,1
210397788,2018,0,0,0
210397791,2018,0,0,0
210397792,2018,0,0,0
210397801,2018,0,0,0
210397802,2018,0,0,0
210397804,2018,0,0,0
210397805,2018,0,0,0
210397806,2018,0,0,1
210397807,2018,0,0,0
210397808,2018,0,0,0
210397809,2018,0,0,1
210397814,2018,0,0,1
210397819,2018,0,1,1
210397820,2018,0,0,0
210397834,2018,0,0,1
210397843,2018,0,0,0
210398219,2018,0,0,0
210398221,2018,0,1,1
210398225,2018,0,0,0
210398228,2018,0,0,1
210398231,2018,0,1,1
210398233,2018,0,0,0
210398243,2018,0,0,0
210398246,2018,0,0,0
210399634,2018,0,0,0
210399635,2018,0,0,0
210399636,2018,0,0,0
210399640,2018,0,0,0
210399665,2018,0,1,1
210399672,2018,0,0,0
210399674,2018,0,0,1
210399676,2018,0,0,0
210399677,2018,0,0,1
210399681,2018,0,0,0
210399682,2018,0,0,0
210399689,2018,0,0,0
210399690,2018,0,0,0
210399692,2018,0,0,0
210399703,2018,0,0,0
210400081,2018,0,0,0
210401884,2018,0,0,1
210401885,2018,0,0,0
210401887,2018,0,0,0
210401888,2018,0,0,0
210401892,2018,0,0,1
210401893,2018,0,0,1
210401896,2018,0,0,0
210401897,2018,0,0,0
210401900,2018,0,0,1
210401902,2018,0,0,0
210401903,2018,0,0,0
210402207,2018,0,0,1
210402208,2018,0,0,0
210402209,2018,0,0,1
210402223,2018,0,0,1
210402224,2018,0,0,1
210402230,2018,0,0,1
210403936,2018,0,0,0
210403938,2018,0,0,0
210403944,2018,0,1,1
210403945,2018,0,0,0
210403950,2018,0,0,0
210403953,2018,0,0,0
210403955,2018,0,0,1
210403956,2018,0,0,0
210403957,2018,0,0,0
210403960,2018,0,1,1
210403961,2018,0,0,0
210403975,2018,0,0,1
210404240,2018,0,0,0
210404245,2018,0,0,0
210405808,2018,0,0,1
210405811,2018,0,0,1
210405817,2018,0,0,0
210405818,2018,0,1,1
210405820,2018,0,0,0
210405821,2018,0,0,0
210405824,2018,0,0,0
210405825,2018,0,0,0
210405830,2018,0,0,1
210405831,2018,0,0,0
210405834,2018,0,0,1
210406171,2018,0,0,0
210406175,2018,0,0,0
210406176,2018,0,0,0
210406179,2018,0,0,1
210406181,2018,0,0,0
210406182,2018,0,0,0
210406185,2018,0,0,1
210406186,2018,0,0,0
210406187,2018,0,0,1
210406193,2018,0,0,0
210406195,2018,0,0,1
210406196,2018,0,0,0
210406198,2018,0,0,0
210407702,2018,0,0,0
210407703,2018,0,0,0
210407704,2018,0,0,0
210407705,2018,0,0,0
210407708,2018,0,0,1
210407709,2018,0,0,0
210407710,2018,0,0,0
210407712,2018,0,0,0
210407713,2018,0,0,0
210407714,2018,0,0,0
210407715,2018,0,0,0
210407716,2018,0,0,0
210407717,2018,0,0,1
210407722,2018,0,0,1
210407724,2018,0,0,0
210408091,2018,0,0,1
210408097,2018,0,0,1
210408102,2018,0,0,0
210408108,2018,0,0,0
210408110,2018,0,0,0
210408114,2018,0,0,1
210408122,2018,0,0,0
210408123,2018,0,0,1
210408124,2018,0,0,1
210409677,2018,0,0,0
210409679,2018,0,1,1
210409686,2018,0,0,0
210409690,2018,0,0,0
210409694,2018,0,0,0
210409695,2018,0,1,1
210409696,2018,0,0,1
210409698,2018,0,0,0
210409699,2018,0,0,1
210409701,2018,0,0,0
210410121,2018,0,0,0
210410123,2018,0,0,0
210410134,2018,0,0,0
210410141,2018,0,0,0
210411661,2018,0,0,0
210411665,2018,0,0,0
210411669,2018,0,0,0
210411673,2018,0,0,0
210411674,2018,0,0,1
210411675,2018,0,0,1
210411678,2018,0,0,0
210411683,2018,0,0,1
210412025,2018,0,0,0
210412029,2018,0,0,0
210412032,2018,0,0,0
210412033,2018,0,0,0
210412035,2018,0,0,1
210412036,2018,0,0,0
210412037,2018,0,0,1
210412040,2018,0,0,0
210412045,2018,0,0,0
210412046,2018,0,1,1
210412047,2018,0,0,1
210412050,2018,0,0,0
210412051,2018,0,0,0
210412054,2018,0,0,0
210412055,2018,0,0,1
210412058,2018,0,0,1
210413424,2018,0,0,0
210413425,2018,0,0,0
210413428,2018,0,0,1
210413432,2018,0,0,0
210413433,2018,0,0,1
210413436,2018,0,0,1
210413439,2018,0,1,1
210413442,2018,0,0,0
210413718,2018,0,0,0
210413720,2018,0,0,0
210413723,2018,0,0,0
210413727,2018,0,0,0
210413730,2018,0,0,1
210413734,2018,0,1,1
210413735,2018,0,0,0
210414681,2018,0,0,1
210414688,2018,0,0,0
210414690,2018,0,0,0
210414691,2018,0,0,1
210414692,2018,0,1,1
210414696,2018,0,1,1
210414697,2018,0,0,0
210414698,2018,0,0,1
210414701,2018,0,0,1
210414702,2018,0,0,0
210414712,2018,0,0,1
210414713,2018,0,0,0
210414716,2018,0,0,0
210414719,2018,0,0,0
210414723,2018,0,0,0
210414724,2018,0,0,1
210414728,2018,0,0,0
210414853,2018,0,0,0
210414859,2018,0,0,0
210414870,2018,0,0,0
210414875,2018,0,0,1
210414893,2018,0,0,0
210414894,2018,0,0,1
210414896,2018,0,0,1
210416318,2018,0,0,0
210416322,2018,0,0,1
210416323,2018,0,0,0
210416328,2018,0,0,0
210416329,2018,0,0,0
210416336,2018,0,0,0
210416344,2018,0,0,0
210416350,2018,0,0,0
210416368,2018,0,0,0
210416383,2018,0,0,1
210416683,2018,0,0,0
210416697,2018,0,0,0
210416701,2018,0,0,0
210416702,2018,0,1,1
210416706,2018,0,0,1
210418072,2018,0,0,0
210418073,2018,0,0,0
210418074,2018,0,0,0
210418079,2018,0,0,0
210418081,2018,0,0,1
210418088,2018,0,0,0
210418089,2018,0,0,0
210418091,2018,0,0,0
210418092,2018,0,0,0
210418095,2018,0,0,0
210418096,2018,0,0,0
210418098,2018,0,0,0
210418100,2018,0,1,1
210418106,2018,0,0,0
210418113,2018,0,0,0
210418114,2018,0,0,0
210418120,2018,0,0,1
210418127,2018,0,0,0
210418468,2018,0,0,0
210418472,2018,0,0,0
210418473,2018,0,0,0
210418477,2018,0,0,0
210419811,2018,0,0,0
210419815,2018,0,0,0
210419816,2018,0,0,0
210419817,2018,0,0,0
210419818,2018,0,0,0
210419825,2018,0,0,0
210419835,2018,0,0,1
210419838,2018,0,0,1
210419840,2018,0,0,1
210420107,2018,0,1,1
210420110,2018,0,0,0
210420121,2018,0,0,1
210421209,2018,0,0,0
210421214,2018,0,0,0
210421219,2018,0,0,0
210421220,2018,0,0,1
210421222,2018,0,0,0
210421225,2018,0,0,1
210421229,2018,0,0,0
210421237,2018,0,0,0
210421239,2018,0,0,1
210421240,2018,0,0,0
210421622,2018,0,0,0
210421631,2018,0,0,1
210421633,2018,0,0,0
210421638,2018,0,0,0
210421641,2018,0,0,0
210423126,2018,0,0,1
210423128,2018,0,0,0
210423130,2018,0,0,0
210423133,2018,0,0,0
210423139,2018,0,0,0
210423142,2018,0,1,1
210423143,2018,0,0,0
210423148,2018,0,0,0
210423150,2018,0,0,1
210423155,2018,0,0,1
210423156,2018,0,0,0
210423157,2018,0,0,0
210423161,2018,0,0,0
210423468,2018,0,0,0
210423469,2018,0,0,0
210423476,2018,0,0,0
210423479,2018,0,0,0
210423481,2018,0,0,0
210423483,2018,0,0,0
210423486,2018,0,0,0
210423491,2018,0,1,1
210423498,2018,0,0,0
210423503,2018,0,0,1
210424849,2018,0,0,0
210424850,2018,0,0,1
210424852,2018,0,0,0
210424856,2018,0,0,0
210424859,2018,0,0,0
210424864,2018,0,0,0
210424867,2018,0,0,0
210424868,2018,0,0,0
210424871,2018,0,0,0
210424880,2018,0,0,0
210424882,2018,0,0,1
210424883,2018,0,0,1
210424884,2018,0,0,0
210424885,2018,0,0,0
210425306,2018,0,0,0
210425312,2018,0,0,0
210425314,2018,0,0,0
210426760,2018,0,0,0
210426762,2018,0,1,1
210426763,2018,0,0,0
210426766,2018,0,1,1
210426767,2018,0,0,0
210426768,2018,0,0,1
210426770,2018,0,0,0
210426775,2018,0,0,0
210426783,2018,0,0,0
210426784,2018,0,0,1
210426788,2018,0,0,0
210426790,2018,0,0,0
210426792,2018,0,1,1
210426793,2018,0,1,1
210426798,2018,0,0,0
210426799,2018,0,0,0
210427119,2018,0,0,1
210427122,2018,0,1,1
210427124,2018,0,0,1
210427130,2018,0,1,1
210427134,2018,0,1,0
210427136,2018,0,0,0
210427138,2018,0,0,0
210427141,2018,0,1,1
210427143,2018,0,0,0
210428424,2018,0,0,0
210428425,2018,0,0,0
210428426,2018,0,0,0
210428429,2018,0,1,1
210428430,2018,0,0,0
210428431,2018,0,0,0
210428432,2018,0,0,0
210428435,2018,0,0,0
210428440,2018,0,0,0
210428441,2018,0,0,0
210428446,2018,0,0,0
210428449,2018,0,0,0
210428451,2018,0,0,0
210428453,2018,0,0,1
210428454,2018,0,0,1
210428455,2018,0,0,0
210428456,2018,0,0,0
210428459,2018,0,0,1
210428460,2018,0,0,0
210428462,2018,0,0,1
210428463,2018,0,0,0
210428464,2018,0,0,0
210428469,2018,0,0,0
210428471,2018,0,0,0
210428472,2018,0,0,0
210428488,2018,0,1,1
210428814,2018,0,0,1
210428847,2018,0,0,0
210428862,2018,0,0,1
210428876,2018,0,1,1
210428878,2018,0,0,0
210428880,2018,0,0,0
210430026,2018,0,1,1
210430029,2018,0,0,0
210430032,2018,0,0,0
210430034,2018,0,0,1
210430037,2018,0,0,0
210430038,2018,0,0,0
210430040,2018,0,0,0
210430046,2018,0,0,0
210430048,2018,0,0,0
210430401,2018,0,1,1
210430404,2018,0,1,1
210430405,2018,0,0,1
210430415,2018,0,0,0
210430416,2018,0,0,1
210430427,2018,0,0,0
210430432,2018,0,0,0
210430434,2018,0,0,0
210430438,2018,0,0,0
210430440,2018,0,0,0
210430443,2018,0,0,1
210430444,2018,0,0,0
210430445,2018,0,1,1
210430446,2018,0,0,1
210430447,2018,0,0,1
210430448,2018,0,0,0
210430449,2018,0,0,0
210431922,2018,0,0,0
210431940,2018,0,0,1
210431941,2018,0,0,0
210431946,2018,0,0,0
210431955,2018,0,0,1
210431959,2018,0,0,1
210431960,2018,0,0,0
210431961,2018,0,0,1
210431966,2018,0,0,1
210431969,2018,0,0,0
210431972,2018,0,0,0
210433277,2018,0,0,0
210433279,2018,0,0,1
210433283,2018,0,0,0
210433285,2018,0,1,1
210433286,2018,0,0,0
210433288,2018,0,0,1
210433290,2018,0,0,1
210433296,2018,0,1,1
210433728,2018,0,0,0
210433742,2018,0,0,0
210433753,2018,0,0,0
210433755,2018,0,0,0
210433757,2018,0,0,1
210433764,2018,0,0,1
210434830,2018,0,0,0
210434832,2018,0,0,0
210434834,2018,0,0,0
210435797,2018,0,0,0
210435798,2018,0,0,1
210435799,2018,0,0,0
210435800,2018,0,1,1
210435803,2018,0,0,1
210435804,2018,0,0,0
210435805,2018,0,0,1
210435806,2018,0,0,0
210435807,2018,0,0,0
210435809,2018,0,1,1
210435810,2018,0,0,0
210435811,2018,0,1,1
210435812,2018,0,0,1
210435813,2018,0,0,1
210435814,2018,0,0,1
210435818,2018,0,0,1
210435820,2018,0,0,1
210435821,2018,0,0,0
210435822,2018,0,1,1
210435823,2018,0,0,0
210435824,2018,0,0,0
210435825,2018,0,0,0
210435826,2018,0,0,1
210435827,2018,0,0,0
210435828,2018,0,0,1
210435829,2018,0,0,1
210435830,2018,0,0,0
210435831,2018,0,0,0
210435832,2018,0,0,0
210435833,2018,0,0,1
210435835,2018,0,0,0
210435836,2018,0,0,0
210435837,2018,0,0,0
210435838,2018,0,0,0
210435840,2018,0,0,0
210435843,2018,0,0,0
210436217,2018,0,0,0
210436229,2018,0,0,1
210436243,2018,0,0,0
210436251,2018,0,0,1
210436259,2018,0,0,1
210436260,2018,0,0,1
210436262,2018,0,0,0
210436264,2018,0,0,0
210436267,2018,0,0,0
210436269,2018,0,0,0
210436271,2018,0,0,0
210436272,2018,0,0,0
210439874,2018,0,0,0
210440304,2019,0,0,0
210440306,2019,0,0,1
210440310,2019,0,0,0
210440313,2019,0,0,0
210440319,2019,0,0,0
210440325,2019,0,0,0
210440326,2019,0,0,0
210440327,2019,0,0,1
210440330,2019,0,0,0
210440332,2019,0,0,1
210440334,2019,0,0,0
210440335,2018,0,0,1
210440336,2018,0,1,1
210440339,2019,0,0,0
210440340,2019,0,0,1
210441311,2019,0,0,1
210441312,2019,0,0,0
210441317,2019,0,0,0
210441318,2019,0,0,0
210441322,2019,0,0,0
210441323,2019,0,1,1
210441326,2019,0,0,1
210441333,2019,0,0,0
210441343,2019,0,0,0
210441349,2019,0,0,0
210441358,2019,0,0,1
210441361,2019,0,0,0
210441365,2019,0,0,1
210441630,2019,0,0,1
210441635,2019,0,0,1
210441640,2019,0,0,0
210441644,2019,0,0,0
210441653,2019,0,0,0
210441656,2019,0,1,1
210441660,2019,0,0,0
210443084,2019,0,0,0
210443086,2019,0,0,0
210443088,2019,0,0,0
210443089,2019,0,0,0
210443097,2019,0,0,1
210443100,2019,0,0,0
210443110,2019,0,0,0
210443112,2019,0,0,1
210443121,2019,0,1,1
210443123,2019,0,0,0
210443128,2019,0,0,0
210443129,2019,0,0,1
210443130,2019,0,1,1
210443132,2019,0,0,0
210443526,2019,0,0,1
210443533,2019,0,0,0
210443537,2019,0,0,0
210443539,2019,0,0,0
210443556,2019,0,0,1
210443557,2019,0,0,1
210443560,2019,0,0,1
210443563,2019,0,0,1
210443566,2019,0,0,0
210443568,2019,0,0,1
210443569,2019,0,0,1
210443571,2019,0,0,0
210444755,2019,0,0,0
210444758,2019,0,0,1
210444759,2019,0,0,1
210444761,2019,0,0,1
210444763,2019,0,0,1
210444771,2019,0,0,1
210444772,2019,0,0,0
210444779,2019,0,0,0
210444780,2019,0,1,1
210444783,2019,0,0,0
210444808,2019,0,0,0
210445221,2019,0,0,0
210445225,2019,0,0,0
210445227,2019,0,0,0
210445231,2019,0,0,0
210445233,2019,0,0,0
210445237,2019,0,0,0
210445239,2019,0,0,0
210445241,2019,0,1,1
210445243,2019,0,0,0
210445244,2019,0,0,0
210445245,2019,0,0,1
210445247,2019,0,1,1
210447044,2019,0,0,0
210447047,2019,0,0,0
210447052,2019,0,0,0
210447053,2019,0,0,1
210447054,2019,0,1,1
210447055,2019,0,0,0
210447056,2019,0,0,0
210447057,2019,0,0,0
210447059,2019,0,0,1
210447062,2019,0,0,0
210447065,2019,0,0,0
210447066,2019,0,0,1
210447067,2019,0,0,1
210447078,2019,0,1,1
210447085,2019,0,0,1
210447086,2019,0,0,0
210447445,2019,0,0,1
210447446,2019,0,0,0
210447448,2019,0,0,1
210447455,2019,0,0,1
210447463,2019,0,0,0
210448857,2019,0,0,1
210448860,2019,0,0,0
210448861,2019,0,0,0
210448863,2019,0,0,0
210448867,2019,0,0,0
210448868,2019,0,0,0
210448871,2019,0,0,0
210448874,2019,0,0,1
210448878,2019,0,0,1
210448879,2019,0,0,0
210448880,2019,0,0,1
210449313,2019,0,0,1
210449318,2019,0,0,1
210449319,2019,0,0,0
210449320,2019,0,0,0
210449324,2019,0,0,1
210449325,2019,0,0,0
210449326,2019,0,0,0
210449329,2019,0,0,0
210450675,2019,0,0,0
210450677,2019,0,0,0
210450684,2019,0,0,0
210450685,2019,0,0,1
210450686,2019,0,0,0
210450687,2019,0,0,0
210450689,2019,0,0,1
210450697,2019,0,0,0
210450707,2019,0,0,0
210450708,2019,0,1,1
210450712,2019,0,0,0
210450713,2019,0,0,0
210450714,2019,0,0,0
210450716,2019,0,0,0
210450717,2019,0,0,1
210450718,2019,0,0,0
210450862,2019,0,0,0
210451133,2019,0,0,1
210451134,2019,0,0,0
210451135,2019,0,0,0
210451136,2019,0,0,0
210451138,2019,0,0,1
210451142,2019,0,0,1
210451145,2019,0,0,0
210451146,2019,0,0,1
210451147,2019,0,0,0
210451148,2019,0,0,1
210451149,2019,0,1,1
210451152,2019,0,0,0
210452462,2019,0,0,0
210452465,2019,0,0,1
210452467,2019,0,0,1
210452468,2019,0,0,1
210452472,2019,0,0,0
210452473,2019,0,0,0
210452475,2019,0,0,0
210452481,2019,0,0,0
210452486,2019,0,0,0
210452491,2019,0,0,1
210452895,2019,0,0,0
210452898,2019,0,0,1
210452899,2019,0,0,0
210453433,2019,0,1,1
210454320,2019,0,0,0
210454324,2019,0,0,0
210454333,2019,0,0,1
210454334,2019,0,0,0
210454340,2019,0,0,0
210454343,2019,0,0,1
210454344,2019,0,0,1
210454345,2019,0,0,0
210454346,2019,0,0,1
210454347,2019,0,0,1
210454766,2019,0,0,1
210454772,2019,0,0,1
210454774,2019,0,0,0
210454798,2019,0,0,1
210454806,2019,0,0,0
210456470,2019,0,0,1
210456471,2019,0,0,1
210456472,2019,0,0,0
210456476,2019,0,0,0
210456483,2019,0,0,0
210456488,2019,0,0,1
210456496,2019,0,0,0
210456500,2019,0,0,1
210456501,2019,0,0,0
210456502,2019,0,0,0
210456504,2019,0,0,0
210456511,2019,0,0,0
210456512,2019,0,0,0
210456514,2019,0,0,1
210456905,2019,0,0,0
210456907,2019,0,0,0
210456908,2019,0,1,1
210456912,2019,0,0,0
210456913,2019,0,0,0
210456918,2019,0,1,1
210456924,2019,0,1,1
210456927,2019,0,0,0
210456928,2019,0,0,0
210456934,2019,0,0,0
210456936,2019,0,0,1
210456938,2019,0,0,0
210458334,2019,0,0,0
210458336,2019,0,0,0
210458337,2019,0,0,0
210458338,2019,0,0,1
210458342,2019,0,0,0
210458354,2019,0,0,0
210458355,2019,0,0,0
210458356,2019,0,0,0
210458360,2019,0,1,1
210458361,2019,0,0,0
210458362,2019,0,0,0
210458364,2019,0,0,0
210458366,2019,0,0,0
210458367,2019,0,0,0
210458369,2019,0,0,0
210458370,2019,0,0,1
210458371,2019,0,0,0
210458762,2019,0,0,0
210458768,2019,0,0,0
210458773,2019,0,0,1
210458777,2019,0,0,0
210458780,2019,0,0,0
210458787,2019,0,0,0
210458790,2019,0,0,0
210460278,2019,0,0,0
210460281,2019,0,1,1
210460282,2019,0,0,0
210460283,2019,0,0,1
210460288,2019,0,0,1
210460289,2019,0,0,0
210460291,2019,0,0,0
210460299,2019,0,0,0
210460300,2019,0,1,1
210460303,2019,0,0,1
210460304,2019,0,0,0
210460698,2019,0,0,0
210460713,2019,0,0,0
210460721,2019,0,0,0
210460726,2019,0,0,1
210460729,2019,0,0,1
210462221,2019,0,0,0
210462224,2019,0,1,1
210462226,2019,0,0,0
210462227,2019,0,1,1
210462229,2019,0,0,0
210462237,2019,0,0,0
210462239,2019,0,0,0
210462240,2019,0,0,0
210462244,2019,0,0,0
210462249,2019,0,0,0
210462508,2019,0,1,1
210462518,2019,0,0,0
210462529,2019,0,0,0
210462532,2019,0,0,0
210462537,2019,0,0,0
210463988,2019,0,0,0
210463991,2019,0,0,1
210463992,2019,0,0,1
210463994,2019,0,0,0
210463995,2019,0,0,1
210463996,2019,0,0,1
210463997,2019,0,0,0
210464001,2019,0,0,0
210464004,2019,0,0,0
210464008,2019,0,0,0
210464010,2019,0,0,1
210464016,2019,0,0,0
210464020,2019,0,0,0
210464022,2019,0,0,0
210464024,2019,0,0,1
210464030,2019,0,0,0
210464413,2019,0,0,1
210464416,2019,0,0,0
210464431,2019,0,0,1
210464432,2019,0,0,1
210464434,2019,0,0,0
210464437,2019,0,0,1
210465850,2019,0,0,1
210465860,2019,0,0,1
210465866,2019,0,0,0
210465867,2019,0,0,0
210465870,2019,0,0,0
210465872,2019,0,0,0
210465877,2019,0,0,0
210465879,2019,0,0,0
210465880,2019,0,0,0
210465882,2019,0,0,0
210465885,2019,0,0,0
210465887,2019,0,0,1
210465888,2019,0,0,0
210466251,2019,0,0,0
210466255,2019,0,0,0
210466260,2019,0,0,0
210466266,2019,0,0,0
210466270,2019,0,0,0
210466279,2019,0,0,0
210467633,2019,0,0,0
210467636,2019,0,0,0
210467639,2019,0,0,0
210467640,2019,0,1,1
210467643,2019,0,0,1
210467644,2019,0,1,1
210467645,2019,0,0,0
210467646,2019,0,0,0
210467647,2019,0,0,0
210467648,2019,0,0,0
210467649,2019,0,0,0
210467651,2019,0,0,0
210467654,2019,0,0,1
210467656,2019,0,1,1
210467662,2019,0,1,1
210467668,2019,0,0,1
210467671,2019,0,0,0
210468032,2019,0,0,1
210468033,2019,0,0,0
210468034,2019,0,0,0
210468048,2019,0,0,0
210468051,2019,0,0,0
210468061,2019,0,0,1
210468062,2019,0,0,1
210469472,2019,0,0,1
210469476,2019,0,0,1
210469483,2019,0,1,1
210469485,2019,0,0,0
210469486,2019,0,0,0
210469487,2019,0,0,0
210469490,2019,0,0,0
210469843,2019,0,0,0
210469861,2019,0,0,1
210471261,2019,0,0,0
210471263,2019,0,0,1
210471265,2019,0,1,1
210471266,2019,0,0,0
210471269,2019,0,0,1
210471270,2019,0,0,0
210471271,2019,0,0,0
210471278,2019,0,0,1
210471280,2019,0,0,0
210471599,2019,0,0,0
210471600,2019,0,0,0
210471603,2019,0,0,0
210471607,2019,0,1,1
210471610,2019,0,0,0
210471615,2019,0,1,1
210472696,2019,0,0,0
210472702,2019,0,0,0
210472707,2019,0,0,0
210472708,2019,0,0,0
210472709,2019,0,0,0
210472710,2019,0,0,0
210472714,2019,0,0,1
210472722,2019,0,0,0
210472724,2019,0,0,1
210472725,2019,0,0,1
210472726,2019,0,0,0
210472727,2019,0,0,1
210472731,2019,0,0,1
210472732,2019,0,0,0
210473084,2019,0,0,0
210473090,2019,0,0,0
210473094,2019,0,0,0
210473095,2019,0,0,0
210473096,2019,0,0,0
210473102,2019,0,0,1
210473106,2019,0,0,0
210474511,2019,0,1,1
210474512,2019,0,0,0
210474513,2019,0,0,0
210474514,2019,0,0,0
210474515,2019,0,0,1
210474517,2019,0,0,0
210474523,2019,0,0,1
210474524,2019,0,0,1
210474526,2019,0,0,1
210474527,2019,0,0,0
210474533,2019,0,0,0
210474534,2019,0,1,1
210474539,2019,0,0,0
210474540,2019,0,0,0
210474542,2019,0,0,0
210474546,2019,0,1,1
210474548,2019,0,0,0
210474551,2019,0,0,1
210474913,2019,0,0,0
210474917,2019,0,0,0
210474922,2019,0,0,0
210474927,2019,0,0,0
210474947,2019,0,0,0
210476306,2019,0,0,1
210476311,2019,0,0,0
210476318,2019,0,0,1
210476319,2019,0,0,1
210476320,2019,0,0,1
210476756,2019,0,0,0
210476758,2019,0,0,1
210476759,2019,0,0,0
210476765,2019,0,0,1
210476772,2019,0,0,0
210476773,2019,0,0,0
210476774,2019,0,0,1
210476779,2019,0,0,0
210476782,2019,0,0,1
210476785,2019,0,0,1
210476788,2019,0,0,1
210477905,2019,0,0,1
210478219,2019,0,0,0
210478227,2019,0,0,0
210478228,2019,0,0,0
210478229,2019,0,0,0
210478239,2019,0,0,1
210478240,2019,0,0,0
210478243,2019,0,0,0
210478608,2019,0,0,0
210478612,2019,0,0,1
210479685,2019,0,0,1
210479686,2019,0,0,0
210479687,2019,0,1,1
210479688,2019,0,0,0
210479690,2019,0,0,0
210479694,2019,0,0,0
210479695,2019,0,1,1
210479697,2019,0,0,0
210479698,2019,0,0,0
210479701,2019,0,0,0
210479702,2019,0,0,1
210479704,2019,0,0,0
210479707,2019,0,0,1
210479710,2019,0,0,0
210479712,2019,0,0,0
210479713,2019,0,1,1
210479714,2019,0,0,0
210479715,2019,0,0,0
210480070,2019,0,0,1
210480073,2019,0,0,0
210480076,2019,0,0,0
210480077,2019,0,0,0
210480079,2019,0,0,1
210480083,2019,0,0,0
210480084,2019,0,0,0
210480085,2019,0,0,0
210480089,2019,0,0,1
210480090,2019,0,0,0
210480091,2019,0,0,0
210480094,2019,0,0,0
210481325,2019,0,0,1
210481332,2019,0,0,0
210481343,2019,0,0,0
210481344,2019,0,0,1
210481345,2019,0,0,1
210481350,2019,0,0,0
210481354,2019,0,0,1
210481357,2019,0,0,0
210481358,2019,0,0,0
210481359,2019,0,0,1
210481360,2019,0,0,0
210481365,2019,0,0,1
210481366,2019,0,0,0
210481689,2019,0,0,0
210481694,2019,0,0,0
210481705,2019,0,0,1
210483126,2019,0,0,0
210483127,2019,0,1,1
210483129,2019,0,0,0
210483133,2019,0,0,0
210483141,2019,0,0,0
210483143,2019,0,0,0
210483150,2019,0,0,0
210483154,2019,0,0,1
210483155,2019,0,0,0
210483157,2019,0,0,0
210483160,2019,0,0,0
210483165,2019,0,0,0
210483496,2019,0,0,0
210483518,2019,0,0,0
210484997,2019,0,0,0
210484998,2019,0,0,0
210485000,2019,0,0,0
210485001,2019,0,0,0
210485002,2019,0,0,0
210485004,2019,0,0,0
210485006,2019,0,1,1
210485008,2019,0,0,0
210485010,2019,0,0,1
210485011,2019,0,0,1
210485014,2019,0,0,0
210485016,2019,0,1,1
210485017,2019,0,0,0
210485020,2019,0,0,0
210485403,2019,0,1,0
210485405,2019,0,0,1
210485411,2019,0,0,0
210485414,2019,0,0,0
210485419,2019,0,0,1
210485420,2019,0,0,0
210485421,2019,0,0,1
210485426,2019,0,0,0
210485427,2019,0,0,0
210485429,2019,0,0,1
210486786,2019,0,0,0
210486792,2019,0,0,0
210486796,2019,0,0,0
210486805,2019,0,0,1
210486806,2019,0,0,0
210486809,2019,0,0,0
210486810,2019,0,0,0
210486811,2019,0,0,0
210486814,2019,0,0,0
210486815,2019,0,0,0
210486819,2019,0,0,0
210486820,2019,0,0,0
210488018,2019,0,0,1
210488019,2019,0,0,0
210488025,2019,0,0,0
210488028,2019,0,0,0
210488032,2019,0,0,0
210488035,2019,0,0,0
210488039,2019,0,0,1
210488040,2019,0,0,0
210488042,2019,0,0,0
210488046,2019,0,0,1
210488051,2019,0,0,0
210488052,2019,0,0,0
210488053,2019,0,0,0
210488060,2019,0,0,0
210488064,2019,0,0,0
210488065,2019,0,0,0
210488066,2019,0,0,0
210488429,2019,0,0,0
210488430,2019,0,0,0
210488448,2019,0,0,0
210488455,2019,0,0,0
210488463,2019,0,0,0
210489931,2019,0,0,0
210489937,2019,0,1,1
210489941,2019,0,0,0
210489943,2019,0,1,1
210489946,2019,0,0,0
210489952,2019,0,0,0
210489953,2019,0,0,1
210489954,2019,0,0,1
210489955,2019,0,0,1
210489956,2019,0,0,0
210489957,2019,0,0,0
210489958,2019,0,0,0
210489959,2019,0,0,0
210489963,2019,0,0,1
210489964,2019,0,0,0
210489966,2019,0,0,0
210489968,2019,0,0,0
210489970,2019,0,0,0
210489971,2019,0,0,0
210489972,2019,0,0,0
210490277,2019,0,0,0
210490281,2019,0,0,1
210491774,2019,0,0,0
210491777,2019,0,0,0
210491785,2019,0,0,1
210491786,2019,0,0,0
210491788,2019,0,0,0
210491792,2019,0,0,1
210491794,2019,0,0,1
210492168,2019,0,0,0
210492171,2019,0,0,0
210492190,2019,0,0,0
210492199,2019,0,1,1
210492202,2019,0,0,0
210493609,2019,0,0,0
210493610,2019,0,0,0
210493611,2019,0,0,0
210493612,2019,0,0,0
210493613,2019,0,0,0
210493614,2019,0,0,1
210493616,2019,0,0,0
210493617,2019,0,0,1
210493621,2019,0,1,1
210493627,2019,0,0,0
210493630,2019,0,0,0
210493632,2019,0,0,0
210493939,2019,0,0,1
210493940,2019,0,0,0
210493941,2019,0,0,0
210493942,2019,0,0,1
210493944,2019,0,0,0
210493947,2019,0,0,1
210493950,2019,0,0,0
210493951,2019,0,0,0
210495121,2019,0,0,0
210495143,2019,0,0,1
210495147,2019,0,0,0
210495518,2019,0,0,0
210495520,2019,0,1,1
210495531,2019,0,0,0
210497027,2019,0,0,0
210497032,2019,0,0,0
210497036,2019,0,0,0
210497039,2019,0,0,0
210497040,2019,0,0,0
210497046,2019,0,0,0
210497049,2019,0,0,0
210497050,2019,0,0,1
210497051,2019,0,0,0
210497052,2019,0,0,0
210497053,2019,0,0,0
210497293,2019,0,0,0
210497313,2019,0,0,0
210497317,2019,0,0,0
210497321,2019,0,0,0
210497325,2019,0,0,0
210498625,2019,0,0,1
210498629,2019,0,0,0
210498630,2019,0,0,0
210498631,2019,0,0,0
210498633,2019,0,0,1
210498638,2019,0,0,0
210498639,2019,0,1,1
210498644,2019,0,0,1
210498649,2019,0,0,1
210498650,2019,0,1,1
210498651,2019,0,0,0
210498653,2019,0,0,0
210498655,2019,0,0,0
210498681,2019,0,0,1
210499014,2019,0,0,0
210499016,2019,0,0,1
210499017,2019,0,0,0
210499018,2019,0,0,1
210499020,2019,0,0,0
210499021,2019,0,0,0
210500443,2019,0,0,0
210500444,2019,0,0,0
210500447,2019,0,0,0
210500448,2019,0,1,1
210500450,2019,0,0,0
210500455,2019,0,0,0
210500456,2019,0,0,0
210500461,2019,0,0,0
210500467,2019,0,0,0
210500468,2019,0,0,0
210500472,2019,0,0,0
210500473,2019,0,0,0
210500474,2019,0,0,0
210500475,2019,0,0,0
210500476,2019,0,0,0
210500796,2019,0,0,0
210500802,2019,0,0,0
210500805,2019,0,0,0
210500820,2019,0,0,0
210500822,2019,0,0,0
210500824,2019,0,0,0
210500831,2019,0,0,0
210500832,2019,0,0,0
210500834,2019,0,0,0
210500841,2019,0,0,0
210500842,2019,0,0,0
210501693,2019,0,0,0
210501694,2019,0,0,0
210501697,2019,0,0,0
210501699,2019,0,0,0
210501949,2019,0,0,0
210501953,2019,0,0,1
210501955,2019,0,0,0
210501958,2019,0,0,0
210501969,2019,0,0,1
210501981,2019,0,0,0
210501983,2019,0,0,1
210501985,2019,0,0,0
210501986,2019,0,0,0
210501987,2019,0,0,1
210501988,2019,0,0,0
210501989,2019,0,0,0
210501991,2019,0,0,0
210501996,2019,0,0,0
210501999,2019,0,1,1
210502000,2019,0,0,1
210508855,2019,0,0,0
210508856,2019,1,1,1
210508857,2019,0,0,1
210508860,2019,0,0,0
210508864,2019,0,0,0
210508870,2019,0,0,0
210508873,2019,0,0,1
210508874,2019,0,0,0
210508875,2019,0,0,0
210509172,2019,0,0,1
210509174,2019,0,0,0
210509185,2019,0,0,0
210509435,2019,0,0,0
210510310,2019,0,0,0
210510312,2019,0,0,0
210510314,2019,0,0,0
210510316,2019,0,0,0
210510323,2019,0,0,0
210510331,2019,0,0,0
210510333,2019,0,0,1
210510334,2019,0,0,1
210510336,2019,0,0,1
210510337,2019,0,0,0
210510339,2019,0,0,0
210510643,2019,0,0,1
210511738,2019,0,0,0
210511747,2019,0,0,0
210512153,2019,0,0,1
210512155,2019,0,0,1
210512164,2019,0,0,0
210512189,2019,0,0,0
210513534,2019,0,0,1
210513538,2019,0,0,0
210513539,2019,0,1,1
210513543,2019,0,0,1
210513544,2019,0,0,0
210513546,2019,0,0,1
210513928,2019,0,0,0
210513930,2019,0,0,1
210513935,2019,0,0,0
210515198,2019,0,0,1
210515199,2019,0,0,0
210515200,2019,0,0,1
210515224,2019,0,0,0
210515601,2019,0,0,0
210516851,2019,0,0,0
210516854,2019,0,0,1
210516855,2019,0,0,1
210516879,2019,0,0,0
210518710,2019,0,0,0
210518711,2019,0,0,0
210518718,2019,0,0,1
210520710,2019,0,0,0
210520715,2019,0,0,0
210522892,2019,0,0,1
210522924,2019,0,0,0
210523255,2019,0,0,0
210523266,2019,0,1,1
210523282,2019,0,0,1
210524097,2019,0,0,1
210524419,2019,0,0,1
210524867,2019,0,0,0
210525163,2019,0,0,0
210525927,2019,0,0,0
210526299,2019,0,0,0
210527109,2019,0,0,0
210527824,2019,0,0,0
210528204,2019,0,0,1
210529163,2019,0,0,0
210529178,2019,0,0,0
210529764,2019,0,0,0
210530106,2019,0,0,0
210530108,2019,0,0,0
210530110,2019,0,0,0
210530600,2019,0,0,0
210530621,2019,0,0,1
210530635,2019,0,0,1
210530802,2019,0,0,0
210530806,2019,0,0,1
210534160,2020,0,0,0
210534161,2020,0,0,1
210534169,2020,0,0,1
210534170,2020,0,0,0
210534182,2020,0,0,0
210536225,2020,0,0,0
210536229,2020,0,1,1
210536234,2020,0,0,1
210536235,2020,0,0,0
210537617,2020,0,0,0
210537618,2020,0,0,0
210537627,2020,0,0,1
210537632,2020,0,0,0
210539268,2020,0,0,1
210539277,2020,0,0,0
210541289,2020,0,0,1
210541290,2020,0,0,0
210541295,2020,0,1,1
210541297,2020,0,0,0
210541300,2020,0,0,0
210541303,2020,0,0,1
210541306,2020,0,0,0
210541309,2020,0,0,0
210541311,2020,0,0,0
210541313,2020,0,0,0
210541314,2020,0,0,0
210541317,2020,0,0,1
210541320,2020,0,0,1
210541322,2020,0,0,1
210543491,2020,0,0,0
210543492,2020,0,1,1
210543500,2020,0,1,1
210543501,2020,0,0,0
210543503,2020,0,0,0
210543505,2020,0,0,1
210543506,2020,0,0,0
210543507,2020,0,1,1
210543508,2020,0,0,1
210543509,2020,0,0,0
210543510,2020,0,0,0
210543511,2020,0,1,1
210543515,2020,0,0,0
210543516,2020,0,0,1
210543518,2020,0,0,0
210543520,2020,0,0,0
210543521,2020,0,1,1
210543524,2020,0,0,0
210543526,2020,0,0,1
210543529,2020,0,0,1
210543530,2020,0,0,0
210545108,2020,0,0,1
210545109,2020,0,1,1
210545113,2020,0,0,0
210545116,2020,0,0,0
210545120,2020,0,0,1
210545135,2020,0,0,1
210545137,2020,0,0,0
210545138,2020,0,0,1
210545140,2020,0,1,1
210545142,2020,0,0,1
210545143,2020,0,1,1
210545145,2020,0,0,0
210545148,2020,0,1,0
210545150,2020,0,0,1
210545151,2020,0,0,0
210545153,2020,0,1,1
210545154,2020,0,0,0
210545156,2020,0,0,0
210545157,2020,0,1,1
210545159,2020,0,0,0
210547028,2020,0,0,1
210547030,2020,0,0,1
210547031,2020,0,0,1
210547032,2020,0,0,1
210547033,2020,0,0,0
210547034,2020,0,0,0
210547035,2020,0,0,1
210547039,2020,0,0,1
210547040,2020,0,0,0
210547046,2020,0,0,1
210547049,2020,0,0,1
210547050,2020,0,0,1
210547052,2020,0,0,1
210547058,2020,0,0,1
210547059,2020,0,0,0
210547061,2020,0,0,0
210547065,2020,0,0,1
210548993,2020,0,0,0
210548995,2020,0,0,1
210548996,2020,0,0,0
210548997,2020,0,0,0
210548998,2020,0,0,0
210549000,2020,0,0,1
210549003,2020,0,0,0
210549007,2020,0,0,1
210549011,2020,0,0,0
210549013,2020,0,0,0
210549014,2020,0,0,1
210549021,2020,0,0,1
210549022,2020,0,0,1
210549024,2020,0,0,1
210549026,2020,0,0,0
210549031,2020,1,1,1
210550850,2020,0,0,0
210550851,2020,0,0,0
210550852,2020,0,0,1
210550856,2020,0,0,1
210550857,2020,0,0,0
210550859,2020,0,0,0
210550864,2020,0,1,1
210550867,2020,0,0,0
210550871,2020,0,0,0
210550874,2020,0,0,1
210550883,2020,0,0,1
210550884,2020,0,0,0
210550885,2020,0,0,0
210550886,2020,0,0,0
210550888,2020,0,0,1
210550894,2020,0,0,0
210552515,2020,0,1,1
210552516,2020,0,0,0
210552521,2020,0,0,0
210552522,2020,0,0,1
210552525,2020,0,0,1
210552527,2020,0,0,1
210552528,2020,0,0,0
210552529,2020,0,0,1
210552530,2020,0,0,0
210552535,2020,0,0,1
210552540,2020,0,0,0
210552544,2020,0,0,0
210552545,2020,0,0,0
210552546,2020,0,1,1
210552553,2020,0,0,1
210554195,2020,0,0,1
210554203,2020,0,0,0
210554204,2020,0,0,0
210554209,2020,0,0,1
210554212,2020,0,0,0
210554213,2020,0,0,0
210554215,2020,0,0,1
210554216,2020,0,0,1
210554218,2020,0,0,0
210554222,2020,0,0,0
210554224,2020,0,1,1
210554226,2020,0,0,1
210554229,2020,0,0,0
210554231,2020,0,0,1
210554236,2020,0,1,1
210555837,2020,0,0,1
210555839,2020,0,0,0
210555843,2020,0,0,0
210555845,2020,0,0,0
210555846,2020,0,0,0
210555849,2020,0,1,1
210555858,2020,0,0,1
210555860,2020,0,0,0
210555861,2020,0,0,1
210555862,2020,0,0,0
210573864,2020,0,0,0
210573869,2020,0,0,0
210575139,2020,0,0,0
210575142,2020,0,0,0
210575150,2020,0,1,1
210575152,2020,0,1,1
210575153,2020,0,0,1
210575155,2020,0,0,1
210575157,2020,0,0,0
210575169,2020,0,0,0
210575171,2020,0,0,0
210575172,2020,0,0,1
210575173,2020,0,0,0
210575177,2020,1,0,1
210575181,2020,1,1,1
210576909,2020,0,0,0
210576912,2020,0,0,1
210576913,2020,0,0,0
210576916,2020,0,0,1
210576922,2020,0,1,1
210576925,2020,0,0,1
210576931,2020,0,1,1
210576938,2020,0,0,0
210576942,2020,0,0,1
210576948,2020,0,0,0
210576957,2020,0,0,1
210576960,2020,0,0,0
210576962,2020,0,0,0
210576971,2020,0,0,0
210578991,2020,0,1,1
210578993,2020,0,1,1
210578997,2020,0,0,0
210578998,2020,0,1,1
210578999,2020,0,0,0
210579004,2020,0,0,0
210579006,2020,0,1,1
210579010,2020,0,1,1
210579025,2020,0,0,0
210579028,2020,0,0,0
210579031,2020,0,0,0
210579032,2020,0,1,1
210579035,2020,0,0,0
210579036,2020,0,0,1
210579039,2020,0,0,0
210579047,2020,0,1,1
210579053,2020,0,0,1
210579056,2020,0,0,0
210579058,2020,0,0,1
210581103,2020,0,0,0
210581105,2020,0,0,0
210581125,2020,0,0,0
210581130,2020,0,0,0
210581135,2020,0,0,0
210581140,2020,0,0,0
210583520,2020,0,0,0
210583521,2020,0,0,1
210583543,2020,0,0,0
210583552,2020,0,0,0
210583555,2020,0,0,0
210583558,2020,0,0,0
210583559,2020,0,0,0
210583562,2020,0,0,0
210584936,2020,0,0,0
210584938,2020,0,0,0
210584941,2020,0,1,1
210584942,2020,0,0,0
210584959,2020,0,0,0
210584961,2020,0,0,1
210584970,2020,0,0,0
210584972,2020,0,0,0
210584975,2020,0,0,1
210584977,2020,0,0,0
210584983,2020,0,0,0
210584984,2020,0,0,1
210587017,2020,0,0,0
210587021,2020,0,0,0
210587027,2020,0,0,0
210587031,2020,0,0,0
210587044,2020,0,0,1
210587049,2020,0,0,0
210587055,2020,0,0,0
210587056,2020,0,0,0
210587057,2020,0,0,0
210587058,2020,0,0,0
210587065,2020,0,0,1
210587067,2020,0,0,0
210589718,2020,0,0,0
210589720,2020,0,0,0
210589731,2020,0,0,0
210589745,2020,0,0,1
210589748,2020,0,1,1
210589750,2020,0,0,0
210589751,2020,0,0,1
210589754,2020,0,0,0
210589764,2020,0,0,1
210589765,2020,0,0,1
210591850,2020,0,0,0
210591853,2020,0,0,0
210591855,2020,0,0,0
210591857,2020,0,0,1
210591858,2020,0,0,1
210591860,2020,0,0,0
210591867,2020,0,0,1
210591876,2020,0,1,1
210591881,2020,0,1,1
210591883,2020,0,0,0
210591898,2020,0,0,0
210591904,2020,0,0,1
210593584,2020,0,0,1
210593586,2020,0,0,1
210593589,2020,0,0,0
210593595,2020,0,0,1
210593596,2020,0,0,0
210593601,2020,0,0,1
210593607,2020,0,0,1
210593612,2020,0,0,1
210593616,2020,0,0,1
210593618,2020,0,0,0
210593626,2020,0,0,1
210593627,2020,0,0,0
210595333,2020,0,0,0
210595343,2020,0,0,0
210595344,2020,0,0,0
210595349,2020,0,0,0
210595351,2020,0,0,0
210595366,2020,0,0,1
210595369,2020,0,0,0
210595371,2020,0,1,1
210595375,2020,0,0,0
210595381,2020,0,0,1
210595384,2020,0,0,0
210597537,2020,0,1,1
210597538,2020,0,0,1
210597539,2020,0,0,0
210597543,2020,0,0,0
210597545,2020,0,0,0
210597548,2020,0,0,0
210597550,2020,0,0,1
210597567,2020,0,0,0
210597570,2020,0,0,0
210597583,2020,0,0,0
210597584,2020,0,0,0
210597586,2020,0,0,0
210599740,2020,0,0,0
210599741,2020,0,0,1
210599743,2020,0,1,0
210599747,2020,0,0,1
210599752,2020,0,0,0
210599759,2020,0,0,0
210599762,2020,0,0,0
210599765,2020,0,0,0
210599769,2020,0,0,0
210599777,2020,0,0,0
210599787,2020,0,0,0
210599792,2020,0,0,0
210601831,2020,0,0,0
210601833,2020,0,0,0
210601843,2020,0,0,0
210601845,2020,0,0,0
210601846,2020,0,0,1
210601853,2020,0,0,0
210601856,2020,0,0,1
210601867,2020,0,0,1
210601873,2020,0,0,0
210601875,2020,0,0,1
210601878,2020,0,0,0
210601887,2020,0,0,0
210604004,2020,0,0,0
210604013,2020,0,0,0
210604022,2020,0,0,1
210604026,2020,0,0,0
210604028,2020,0,0,0
210604029,2020,0,0,0
210604038,2020,0,0,0
210604039,2020,0,0,0
210604043,2020,0,0,0
210606563,2020,0,0,0
210606564,2020,0,0,0
210606572,2020,0,0,0
210606574,2020,0,0,0
210606579,2020,0,0,0
210606588,2020,0,0,0
210606589,2020,0,0,1
210606592,2020,0,0,0
210606600,2020,0,0,1
210606605,2020,0,0,0
210606613,2020,0,0,1
210608519,2020,0,0,1
210608525,2020,0,1,1
210608526,2020,0,1,1
210608528,2020,0,0,0
210608530,2020,0,0,0
210608533,2020,0,0,0
210608537,2020,0,0,0
210608542,2020,0,0,1
210608555,2020,0,0,0
210608558,2020,0,0,1
210608565,2020,0,0,0
210610404,2020,0,0,1
210610405,2020,0,0,1
210610406,2020,0,0,0
210610417,2020,0,0,0
210610418,2020,0,0,0
210610420,2020,0,0,0
210610421,2020,0,0,0
210610428,2020,0,0,0
210610431,2020,0,0,1
210610435,2020,0,0,0
210610439,2020,0,0,0
210610445,2020,0,0,1
210610454,2020,0,0,0
210610455,2020,0,0,0
210610461,2020,0,0,0
210610467,2020,0,0,0
210610469,2020,0,0,1
210610470,2020,0,0,0
210610478,2020,0,1,0
210610489,2020,0,0,0
210612662,2020,0,0,1
210612664,2020,0,0,0
210612667,2020,0,1,1
210612668,2020,0,0,0
210612670,2020,0,0,0
210612675,2020,0,0,1
210612676,2020,0,0,0
210612677,2020,0,0,0
210612683,2020,0,0,0
210612686,2020,0,0,1
210612687,2020,0,0,1
210612689,2020,0,0,1
210612694,2020,0,0,1
210612696,2020,0,0,1
210612697,2020,0,0,0
210612702,2020,0,1,1
210614449,2020,0,0,0
210614450,2020,0,0,0
210614453,2020,0,1,1
210614455,2020,0,0,0
210614457,2020,0,0,0
210614460,2020,0,0,1
210614462,2020,0,0,1
210614465,2020,0,1,0
210614466,2020,0,1,1
210614472,2020,0,0,0
210614476,2020,0,0,0
210614477,2020,0,0,0
210617494,2020,1,0,1
210617495,2020,0,0,0
210617496,2020,0,1,1
210617498,2020,0,0,1
210617499,2020,0,1,1
210617503,2020,0,1,1
210617507,2020,0,1,1
210617509,2020,0,0,0
210617517,2020,0,1,1
210617519,2020,0,0,0
210617524,2020,0,0,1
210617525,2020,0,1,1
210617526,2020,0,0,0
210619262,2020,0,0,1
210619267,2020,0,0,0
210619271,2020,0,0,1
210619273,2020,0,0,1
210619274,2020,0,0,0
210619275,2020,0,1,1
210619283,2020,0,0,1
210619288,2020,0,0,0
210619293,2020,0,0,0
210619294,2020,0,0,0
210619295,2020,0,0,0
210619297,2020,0,0,0
210619299,2020,0,0,1
210619301,2020,0,0,1
210619303,2020,0,0,1
210619305,2020,0,0,1
210621339,2020,0,0,0
210621343,2020,0,0,0
210621347,2020,0,0,1
210621349,2020,0,0,1
210621350,2020,0,0,0
210621352,2020,0,1,1
210621356,2020,0,1,1
210621364,2020,0,0,0
210621368,2020,0,0,0
210621371,2020,0,0,0
210621373,2020,0,1,1
210621374,2020,0,0,0
210623075,2020,0,1,1
210623077,2020,0,0,0
210623080,2020,0,1,1
210623081,2020,0,0,1
210623083,2020,0,0,1
210623088,2020,0,0,0
210623089,2020,0,0,0
210623090,2020,0,0,1
210623091,2020,0,0,0
210623093,2020,0,1,1
210623097,2020,0,1,1
210623098,2020,0,0,1
210623103,2020,0,0,0
210623104,2020,0,1,1
210623108,2020,0,1,1
210625509,2020,0,1,1
210625510,2020,0,0,0
210625511,2020,1,1,1
210625514,2020,0,0,0
210625516,2020,0,0,0
210625517,2020,0,1,1
210625520,2020,0,0,0
210625522,2020,0,1,1
210625523,2020,0,0,0
210625533,2020,0,0,0
210625538,2020,0,0,1
210625539,2020,0,0,0
210625540,2020,0,0,1
210625541,2020,0,0,1
210625542,2020,0,1,1
210625546,2020,0,1,1
210627322,2021,0,1,1
210627333,2021,0,0,1
210627336,2021,0,0,1
210627337,2021,0,0,1
210627341,2021,0,1,0
210627342,2021,0,1,1
210627344,2021,0,0,1
210627345,2021,0,0,1
210627346,2021,0,0,0
210627350,2021,0,0,0
210627351,2021,0,0,0
210627352,2021,1,1,1
210627354,2021,0,0,0
210627358,2021,0,1,1
210627359,2021,0,1,1
210627362,2021,0,0,0
210627364,2021,0,0,1
210629212,2021,0,0,0
210629213,2021,0,0,1
210629216,2021,0,0,0
210629223,2021,0,1,1
210629225,2021,0,0,0
210629227,2021,0,0,1
210629228,2021,0,0,0
210629229,2021,0,0,0
210629232,2021,0,0,0
210629240,2021,0,0,1
210629241,2021,0,0,0
210629245,2021,0,0,1
210631252,2021,0,0,0
210631253,2021,0,0,0
210631258,2021,0,0,1
210631262,2021,0,0,0
210631273,2021,0,0,0
210633347,2021,0,0,0
210633348,2021,0,1,1
210633350,2021,0,1,1
210633357,2021,0,0,1
210633359,2021,0,0,0
210633360,2021,0,1,1
210633364,2021,0,1,1
210633365,2021,0,0,0
210633368,2021,0,0,1
210633372,2021,0,0,0
210634945,2021,0,0,1
210634947,2021,0,0,1
210634952,2021,0,0,0
210634955,2021,0,0,1
210634958,2021,0,0,1
210634962,2021,0,0,0
210634963,2021,0,0,1
210634965,2021,0,0,0
210634966,2021,0,0,0
210634969,2021,0,0,0
210634972,2021,0,1,1
210634973,2021,0,1,1
210634977,2021,0,0,0
210634978,2021,0,0,0
210634979,2021,0,0,1
210634980,2021,0,1,1
210636906,2021,0,0,0
210636908,2021,0,0,0
210636909,2021,0,0,0
210636912,2021,0,0,0
210636913,2021,1,1,1
210636915,2021,0,0,1
210636916,2021,0,0,1
210636917,2021,0,0,1
210636918,2021,0,1,1
210636924,2021,0,1,1
210636929,2021,1,0,1
210636932,2021,0,0,0
210636934,2021,0,0,1
210636937,2021,0,0,0
210639130,2021,0,0,1
210639131,2021,0,0,0
210639135,2021,0,0,0
210639146,2021,0,0,0
210641154,2021,0,0,1
210641155,2021,0,0,1
210641156,2021,0,0,0
210641158,2021,0,1,1
210641169,2021,0,0,0
210642932,2021,0,0,0
210642938,2021,0,0,0
210642944,2021,0,0,0
210642949,2021,0,0,1
210644868,2021,0,0,0
210644869,2021,0,0,1
210644883,2021,0,0,0
210644887,2021,0,0,0
210646640,2021,0,0,0
210646653,2021,0,1,1
210646654,2021,0,0,0
210648239,2021,0,0,0
210648243,2021,0,0,0
210648244,2021,0,0,0
210648248,2021,0,1,1
210649980,2021,0,0,0
210649983,2021,0,0,0
210649988,2021,0,0,0
210649991,2021,0,0,1
210649996,2021,0,0,0
210651754,2021,0,0,1
210651758,2021,0,0,1
210651761,2021,0,0,0
210653647,2021,0,0,0
210653657,2021,0,0,1
210653660,2021,0,1,1
210653661,2021,0,1,1
210653665,2021,0,0,0
210653667,2021,0,0,0
210653672,2021,0,0,0
210655859,2021,0,0,1
210655861,2021,0,0,0
210655871,2021,0,0,0
210655872,2021,0,0,0
210657574,2021,0,0,0
210657577,2021,0,0,0
210657595,2021,0,0,0
210657597,2021,0,0,1
210659264,2021,0,0,0
210659266,2021,0,0,0
210659268,2021,0,0,0
210659271,2021,0,0,0
210659272,2021,0,0,0
210661192,2021,0,0,0
210661195,2021,0,0,0
210661203,2021,0,0,0
210661204,2021,0,0,0
210661205,2021,0,0,0
210662723,2021,0,0,0
210662724,2021,0,0,0
210662727,2021,0,0,0
210662736,2021,0,0,0
210662738,2021,0,0,1
210664382,2021,0,0,1
210664387,2021,0,0,1
210664393,2021,0,0,1
210664398,2021,0,0,0
210664400,2021,0,0,1
210666246,2021,0,0,1
210666248,2021,0,0,1
210668228,2021,0,0,0
210668233,2021,0,0,0
210668237,2021,0,0,0
210668244,2021,0,0,1
210669791,2021,1,1,1
210669794,2021,0,0,0
210669801,2021,0,0,0
210669802,2021,0,0,0
210669807,2021,0,0,0
210671976,2021,0,0,0
210671978,2021,0,0,0
210671982,2021,0,0,0
210671989,2021,0,0,1
210671993,2021,0,0,0
210673295,2021,0,0,0
210673302,2021,0,0,0
210673304,2021,0,0,1
210673312,2021,0,0,0
210674874,2021,0,0,1
210674877,2021,0,0,0
210674879,2021,0,0,1
210674880,2021,0,0,0
210674883,2021,0,0,0
210676930,2021,0,0,1
210676932,2021,0,0,1
210676935,2021,0,0,0
210676939,2021,0,0,0
210676950,2021,0,0,1
210679055,2021,0,0,0
210679056,2021,0,0,0
210679060,2021,0,0,0
210679066,2021,0,0,0
210679072,2021,0,1,0
300013584,2021,0,0,0
300013586,2021,0,1,1
300013588,2021,0,0,0
300013598,2021,0,0,0
300013605,2021,0,0,0
300018544,2021,0,1,1
300018550,2021,0,0,0
300018553,2021,0,0,1
300018557,2021,0,0,0
300018564,2021,0,0,1
300021961,2021,0,0,0
300021963,2021,0,0,1
300021964,2021,0,0,1
300021973,2021,0,1,1
300021976,2021,0,0,0
300027496,2021,0,0,0
300027497,2021,0,0,0
300027505,2021,0,0,1
300027507,2021,0,0,0
300032233,2021,0,0,0
300032237,2021,0,0,1
300032238,2021,0,0,1
300032243,2021,0,0,0
300032245,2021,0,0,0
300036350,2021,0,0,0
300036354,2021,0,0,0
300036357,2021,0,1,1
300036361,2021,0,0,0
300040434,2021,0,0,1
300040443,2021,0,0,0
300040447,2021,0,0,0
300040453,2021,0,0,0
300040455,2021,0,0,0
300040457,2021,0,0,0
300040461,2021,0,0,0
300040463,2021,0,0,1
300040466,2021,0,0,0
300044046,2021,0,0,0
300044047,2021,0,0,0
300044048,2021,0,0,0
300044051,2021,0,0,0
300044056,2021,0,0,0
300044061,2021,0,0,1
300044069,2021,0,0,1
300044070,2021,0,0,0
300044079,2021,0,0,0
300048779,2021,0,0,0
300048780,2021,0,0,1
300048781,2021,0,0,0
300048784,2021,0,0,1
300048787,2021,0,0,1
300048789,2021,0,0,1
300048792,2021,0,0,0
300048795,2021,0,0,1
300048802,2021,0,0,1
300048803,2021,0,0,1
300048805,2021,0,0,0
300048808,2021,0,0,0
300048810,2021,0,0,0
300048814,2021,0,0,0
300048821,2021,0,0,1
300048824,2021,0,0,1
300053195,2021,0,0,0
300053196,2021,0,0,0
300053197,2021,0,0,0
300053198,2021,0,0,0
300053205,2021,0,0,0
300053208,2021,0,0,1
300053218,2021,0,0,0
300053222,2021,0,0,0
300053228,2021,0,1,1
300053229,2021,0,0,0
300053232,2021,0,0,0
300053234,2021,0,0,0
300053240,2021,0,0,1
300053244,2021,0,0,1
300053250,2021,0,0,0
300059050,2021,0,0,0
300059055,2021,0,1,1
300059058,2021,0,0,1
300059060,2021,0,0,0
300059062,2021,0,0,0
300059068,2021,0,0,0
300059071,2021,0,0,1
300059072,2021,0,0,0
300059075,2021,0,0,0
300059081,2021,0,0,0
300059088,2021,0,0,0
300059094,2021,0,0,1
300059097,2021,0,0,0
300059103,2021,0,0,1
300059111,2021,0,0,1
300059114,2021,0,0,1
300059115,2021,0,0,1
300059117,2021,0,0,1
300060959,2021,0,0,0
300060971,2021,0,0,0
300063961,2021,0,0,0
300063968,2021,0,0,1
300063971,2021,0,0,0
300063972,2021,0,0,0
300063973,2021,0,0,0
300063977,2021,0,0,0
300063978,2021,0,0,1
300068973,2022,0,0,1
300068977,2021,0,0,0
300068980,2022,0,0,0
300068981,2022,0,0,0
300068985,2022,0,0,0
300068990,2022,0,1,1
300068991,2022,0,0,0
300068994,2022,0,0,0
300068997,2022,0,0,0
300068999,2022,0,0,0
300069000,2022,0,0,0
300069005,2022,0,0,1
300069007,2022,0,0,0
300069010,2022,0,0,1
300073278,2022,0,0,0
300073283,2022,0,0,1
300073286,2022,0,0,0
300073289,2022,0,0,1
300073293,2022,0,0,0
300073298,2022,0,1,1
300073301,2022,0,0,0
300073315,2022,0,0,0
300073324,2022,0,0,0
300073326,2022,0,0,0
300073327,2022,0,0,0
300077438,2022,0,0,0
300077439,2022,0,0,0
300077441,2022,0,0,1
300077443,2022,0,0,0
300077445,2022,0,0,0
300077448,2022,0,0,0
300077455,2022,0,0,0
300077458,2022,0,0,1
300077460,2022,0,1,1
300077464,2022,0,0,0
300077468,2022,0,0,0
300077470,2022,0,0,0
300083024,2022,0,0,0
300083026,2022,0,0,0
300083027,2022,0,0,0
300083036,2022,0,0,0
300083041,2022,0,0,0
300083047,2022,0,0,0
300083050,2022,0,0,0
300083053,2022,0,1,1
300083055,2022,0,0,0
300083059,2022,0,0,0
300083061,2022,0,0,1
300083062,2022,0,0,1
300083071,2022,0,0,0
300083072,2022,0,0,1
300083074,2022,0,0,1
300083075,2022,0,0,1
300083076,2022,0,0,1
300083077,2022,0,0,1
300083081,2022,0,0,0
300083082,2022,1,0,1
300087503,2022,0,0,0
300087504,2022,0,0,0
300087505,2022,0,0,1
300087507,2022,0,0,1
300087508,2022,0,0,1
300087512,2022,0,0,1
300087520,2022,0,0,0
300087521,2022,0,0,1
300087523,2022,0,0,1
300087524,2022,0,1,1
300087527,2022,0,0,0
300087530,2022,0,0,0
300087531,2022,0,1,1
300087534,2022,0,0,0
300091664,2022,0,0,1
300091666,2022,0,0,0
300091672,2022,0,0,1
300091675,2022,0,1,1
300091677,2022,0,0,1
300091680,2022,0,0,0
300091681,2022,0,0,0
300091683,2022,0,0,0
300091689,2022,0,1,1
300091690,2022,0,0,0
300091694,2022,0,1,1
300091695,2022,0,1,1
300091701,2022,0,0,1
300091705,2022,0,0,0
300091708,2022,0,0,0
300091714,2022,0,0,0
300091715,2022,0,0,0
300091718,2022,0,0,0
300091719,2022,0,0,0
300091722,2022,0,0,0
300091727,2022,0,0,1
300091729,2022,0,0,1
300091730,2022,0,0,0
300095586,2022,0,0,0
300095587,2022,0,0,1
300095590,2022,0,0,1
300095591,2022,0,0,1
300095592,2022,0,1,1
300095598,2022,0,0,1
300095601,2022,0,0,1
300095604,2022,0,0,1
300095606,2022,0,0,0
300095608,2022,0,0,0
300095609,2022,0,1,1
300095613,2022,0,0,0
300095614,2022,0,0,0
300095625,2022,0,0,0
300095626,2022,0,0,0
300095631,2022,0,0,0
300095632,2022,0,0,0
300095636,2022,0,0,1
300095637,2022,0,0,1
300095639,2022,0,0,1
300095641,2022,0,0,0
300095650,2022,0,1,1
300101783,2022,0,1,1
300101786,2022,0,0,0
300101787,2022,0,0,0
300101791,2021,0,0,0
300101792,2022,0,0,1
300101796,2022,0,0,1
300101803,2022,0,1,1
300101810,2022,0,0,0
300101815,2022,0,0,1
300101818,2022,0,0,0
300101823,2022,0,0,0
300101824,2022,0,0,1
300101828,2022,0,0,0
300101830,2022,0,0,0
300101833,2022,0,0,0
300101834,2022,0,0,0
300101836,2022,0,0,0
300101839,2022,0,0,0
300101840,2022,0,0,0
300101841,2022,0,0,0
300101842,2022,0,0,0
300101846,2022,0,1,1
300106405,2022,0,0,1
300106406,2022,0,0,1
300106407,2022,0,0,0
300106408,2022,0,0,1
300106415,2022,0,0,1
300106425,2022,0,0,1
300106426,2022,0,0,0
300106432,2022,0,0,1
300106437,2022,0,0,0
300106440,2022,0,0,0
300106442,2022,0,0,0
300106443,2022,0,0,1
300106450,2022,0,0,0
300106451,2022,0,1,1
300106452,2022,0,1,1
300106456,2022,0,0,1
300106461,2022,0,0,1
300106463,2022,0,0,1
300106464,2022,0,0,0
300106469,2022,0,1,1
300106472,2022,0,0,0
300106475,2022,0,0,0
300111207,2022,0,0,1
300111213,2022,0,0,0
300111214,2022,0,0,0
300111218,2022,0,0,1
300111220,2022,0,0,1
300111223,2022,0,0,1
300111226,2022,0,0,0
300111230,2022,0,0,1
300111238,2022,0,0,1
300111241,2022,0,0,0
300111251,2022,0,0,0
300111252,2022,0,0,0
300111255,2022,0,0,0
300111256,2022,0,0,0
300111258,2022,0,0,0
300111259,2022,0,0,0
300111264,2022,0,0,0
300111271,2022,0,0,1
300111272,2022,0,0,0
300111274,2022,0,1,1
300111276,2022,0,0,0
300115697,2022,0,0,1
300115700,2022,0,1,1
300115702,2022,0,0,1
300115705,2022,0,0,0
300115707,2022,0,0,1
300115708,2022,0,0,1
300115712,2022,1,0,1
300115714,2022,0,0,1
300115715,2022,0,0,0
300115716,2022,0,0,0
300115717,2022,0,0,0
300115719,2022,0,0,0
300115726,2022,0,1,1
300115737,2022,0,0,0
300115739,2022,0,0,0
300115743,2022,0,0,0
300115744,2022,0,0,0
300115748,2022,0,0,0
300115750,2022,0,0,0
300115754,2022,0,0,0
300115762,2022,0,1,1
300115763,2022,0,0,0
300115766,2022,0,1,1
300115772,2022,0,1,1
300119866,2022,0,0,0
300119871,2022,0,1,1
300119872,2022,0,0,0
300119873,2022,0,0,0
300119875,2022,0,0,1
300119884,2022,0,0,1
300119892,2022,0,0,1
300119910,2022,0,0,0
300119915,2022,0,0,1
300119917,2022,0,0,0
300119920,2022,0,0,1
300119921,2022,0,0,0
300119932,2022,0,0,0
300124508,2022,0,1,1
300124509,2022,0,0,1
300124511,2022,0,0,0
300124518,2022,0,0,0
300124526,2022,0,0,1
300124529,2022,0,1,1
300124530,2022,0,1,1
300124533,2022,0,0,0
300124536,2022,0,0,0
300124538,2022,0,0,1
300124546,2022,0,0,0
300124549,2022,0,0,0
300124551,2022,0,0,0
300124553,2022,0,0,0
300124558,2022,0,0,1
300124560,2022,0,0,1
300124565,2022,0,0,0
300124569,2022,0,0,0
300124570,2022,0,0,1
300124572,2022,0,0,1
300124573,2022,0,0,0
300124575,2022,0,0,0
300124582,2022,0,0,0
300124583,2022,1,0,0
300124587,2022,0,1,1
300124588,2022,0,1,1
300124589,2022,0,0,1
300130253,2022,0,1,1
300130264,2022,0,0,1
300130265,2022,0,0,0
300130273,2022,0,0,0
300130277,2022,1,1,1
300130288,2022,0,1,1
300130292,2022,0,0,0
300130296,2022,0,0,0
300130301,2022,0,0,0
300130303,2022,0,1,1
300130309,2022,0,0,0
300130311,2022,0,0,0
300130313,2022,0,0,1
300130314,2022,0,0,0
300130323,2022,0,0,0
300130326,2022,0,0,1
300130327,2022,0,0,1
300130328,2022,0,1,1
300130330,2022,0,0,0
300130332,2022,0,0,0
300134275,2022,0,0,1
300134276,2022,0,0,0
300134278,2022,0,0,1
300134282,2022,0,0,0
300134283,2022,0,0,0
300134284,2022,0,0,0
300134286,2022,0,1,1
300134287,2022,0,0,0
300134298,2022,0,0,0
300134301,2022,0,0,1
300134302,2022,0,0,1
300138946,2022,0,0,0
300138949,2022,0,1,1
300138951,2022,0,0,0
300138952,2022,0,0,0
300138958,2022,0,1,1
300138959,2022,0,1,1
300143906,2022,0,0,1
300143908,2022,0,0,0
300143910,2022,0,0,0
300143911,2022,0,0,1
300143912,2022,0,0,0
300143913,2022,0,0,0
300143916,2022,0,0,1
300143917,2022,0,0,0
300143918,2022,0,1,1
300143919,2022,0,0,1
300143927,2022,0,0,0
300143929,2022,0,0,0
300148265,2022,0,1,1
300148268,2022,0,0,0
300148275,2022,0,0,0
300148276,2022,0,0,1
300148278,2022,0,0,1
300153768,2022,0,0,1
300153773,2022,0,0,0
300153775,2022,0,0,0
300153776,2022,0,1,1
300153778,2022,0,0,0
300153780,2022,0,0,0
300153781,2022,0,0,0
300153785,2022,0,1,1
300153786,2022,0,0,1
300153787,2022,0,1,1
300157187,2022,0,1,1
300157189,2022,0,0,1
300157192,2022,0,0,0
300157193,2022,0,0,1
300157194,2022,0,0,0
300157195,2022,0,0,0
300157198,2022,0,0,1
300157199,2022,0,0,0
300157200,2022,0,0,1
300157206,2022,0,0,1
300163003,2022,0,1,1
300163004,2022,0,0,0
300163008,2022,0,0,0
300163009,2022,1,1,1
300163012,2022,0,0,0
300163013,2022,0,0,0
300163016,2022,0,1,1
300163017,2022,0,0,0
300163019,2022,0,0,1
300163020,2022,0,0,1
300163024,2022,0,1,1
300163026,2022,0,0,0
300163027,2022,0,0,0
300163029,2022,0,0,0
300166416,2022,0,0,1
300166422,2022,0,0,0
300166424,2022,0,0,1
300166425,2022,0,0,1
300166426,2022,1,1,1
300166428,2022,0,1,1
300166429,2022,0,1,1
300166430,2022,0,1,1
300171410,2022,0,0,1
300171411,2022,0,0,0
300171413,2022,0,1,1
300171414,2022,0,0,0
300171418,2022,0,0,0
300171419,2022,0,1,1
300171420,2022,0,0,0
300171421,2022,0,0,0
300171425,2022,0,0,0
300176825,2022,0,0,0
300176828,2022,0,1,1
300176829,2022,0,1,1
300176830,2022,0,0,1
300176835,2022,0,0,0
300176837,2022,0,0,0
300176841,2022,0,0,0
300181612,2022,0,1,1
300181613,2022,0,0,0
300181622,2022,0,1,1
300185901,2022,0,0,0
300185902,2022,0,0,1
300185903,2022,0,1,1
300185904,2022,0,0,1
300254369,2022,0,0,0
300254375,2022,0,1,1
300254377,2022,0,0,0
300254380,2022,0,0,0
300254382,2022,0,0,0
300259186,2022,0,0,0
300259190,2022,0,0,0
300259194,2022,0,0,1
300259199,2022,0,1,1
300259203,2022,0,0,0
300259205,2022,0,0,0
300263853,2022,0,0,0
300263863,2022,0,0,0
300267895,2022,0,0,0
300267901,2022,0,0,0
300272785,2022,0,0,1
300272790,2022,0,0,1
300272794,2022,0,0,0
300272799,2022,0,0,0
300277577,2022,0,0,1
300277585,2022,0,0,0
300277590,2022,0,0,1
300280379,2022,0,0,0
300280394,2022,0,0,1
300285797,2022,0,0,0
300285799,2022,0,0,0
300285805,2022,0,0,0
300289451,2022,0,0,0
300289459,2022,0,0,1
300289465,2022,0,0,1
300289470,2022,0,0,0
300293932,2022,0,0,0
300293934,2022,0,1,1
300293942,2022,0,0,0
300293945,2022,0,0,1
300293946,2022,0,1,1
300297199,2022,0,0,0
300297203,2022,0,0,1
300297213,2022,0,0,0
300297214,2022,0,1,1
300300649,2022,0,0,1
300300650,2022,0,0,0
300300651,2022,0,0,0
300300661,2022,0,0,0
300300665,2022,0,0,0
300304246,2023,0,0,0
300304248,2023,0,0,0
300304249,2023,0,0,0
300304250,2023,0,0,1
300309416,2023,0,0,1
300309425,2023,0,0,1
300309428,2023,0,0,1
300309430,2023,0,0,1
300313536,2023,0,0,0
300313544,2023,0,0,0
300313553,2023,0,0,0
300318172,2023,0,0,0
300318176,2023,0,0,0
300318177,2023,0,0,0
300318190,2023,0,0,0
300322757,2023,0,0,1
300322765,2023,0,0,0
300322766,2023,0,0,0
300328011,2023,0,0,0
300328017,2023,0,0,0
300328018,2023,0,0,0
300328020,2023,0,0,0
300328025,2023,0,0,1
300331317,2023,0,0,1
300331323,2023,0,0,1
300331325,2023,0,0,0
300331331,2023,0,0,0
300335732,2023,0,0,0
300335734,2023,0,0,0
300335747,2023,0,1,1
300335751,2023,0,0,1
300335756,2023,0,0,1
300340852,2023,0,0,0
300340854,2023,0,0,0
300340855,2023,0,0,0
300344869,2023,0,0,0
300344871,2023,0,1,1
300344874,2023,0,0,0
300344882,2023,0,0,1
300344891,2023,0,0,0
300348490,2023,0,0,1
300348493,2023,0,0,1
300348500,2023,0,0,1
300348506,2023,0,0,1
300348514,2023,0,0,1
300348516,2023,0,0,1
300352626,2023,0,0,0
300352643,2023,0,0,0
300352644,2023,0,0,0
300357465,2023,0,0,0
300357475,2023,0,0,0
300357476,2023,0,0,0
300357482,2023,0,0,0
300357486,2023,0,0,0
300357488,2023,0,0,0
300361277,2023,0,0,0
300361281,2023,0,1,1
300366494,2023,0,0,0
300366495,2023,0,0,0
300366498,2023,0,0,0
300366516,2023,0,0,0
300369614,2023,0,0,0
300374112,2023,0,0,0
300374114,2023,0,0,1
300374132,2023,0,0,0
300374135,2023,0,0,0
300378118,2023,0,0,0
300378125,2023,0,0,0
300378133,2023,0,0,0
300382303,2023,0,0,0
300382310,2023,0,0,0
300382311,2023,0,0,0
300382313,2023,0,0,0
300382325,2023,0,0,0
300386423,2023,0,0,1
300386431,2023,0,0,0
300386434,2023,0,0,0
300386442,2023,0,0,0
300386443,2023,0,0,0
300386451,2023,0,0,0
300390788,2023,0,0,0
300390798,2023,0,0,0
300390799,2023,0,0,1
300390804,2023,0,1,1
300390805,2023,0,0,1
300390807,2023,0,0,0
300393891,2023,0,0,0
300393900,2023,0,0,0
300393903,2023,0,0,0
300393904,2023,0,0,1
300393907,2023,0,0,0
300393911,2023,0,0,0
300397981,2023,0,0,1
300397986,2023,0,0,0
300401886,2023,0,0,0
300401887,2023,0,0,0
300401890,2023,0,0,0
300401892,2023,0,0,0
300401902,2023,0,0,0
300401908,2023,0,0,0
300407758,2023,0,0,1
300407760,2023,0,0,0
300407761,2023,0,0,1
300407770,2023,0,0,0
300407774,2023,0,0,0
300409868,2023,0,0,0
300409869,2023,0,1,1
300409871,2023,0,0,0
300409875,2023,0,0,0
300414811,2023,0,0,1
300414814,2023,0,0,0
300414828,2023,0,0,0
300418789,2023,0,0,0
300418799,2023,0,1,1
300418803,2023,0,0,1
300418805,2023,0,0,0
300418815,2023,0,0,0
300423400,2023,0,0,0
300423403,2023,0,1,1
300423404,2023,0,0,1
300423409,2023,0,0,1
300423415,2023,0,1,1
300427477,2023,0,0,1
300427483,2023,0,0,0
300427485,2023,0,0,0
300427490,2023,0,0,0
300427495,2023,0,0,0
300431736,2023,0,0,0
300431738,2023,0,0,0
300431743,2023,0,0,1
300431745,2023,0,0,0
300431755,2023,0,0,0
300435938,2023,0,0,0
300435943,2023,0,0,0
300435956,2023,0,0,0
300435959,2023,0,0,1
300435961,2023,0,0,0
300440555,2023,0,1,1
300440564,2023,0,0,1
300440565,2023,0,1,1
300440568,2023,0,0,0
300440572,2023,0,0,1
300440575,2023,0,0,0
300444701,2023,0,0,0
300444703,2023,0,0,1
300447891,2023,0,0,0
300447896,2023,0,0,0
300447901,2023,0,0,0
300447907,2023,0,0,1
300452455,2023,0,1,1
300452462,2023,0,0,0
300452465,2023,0,0,0
300452468,2023,0,0,1
300452469,2023,0,0,0
300457072,2023,0,0,1
300457075,2023,0,0,0
300457081,2023,0,0,0
300457085,2023,0,0,0
300457098,2023,0,0,1
300461471,2023,0,0,0
300461474,2023,0,0,0
300461481,2023,0,0,0
300461482,2023,0,1,1
300461484,2023,0,0,1
300461486,2023,0,0,0
300465676,2023,0,0,0
300465681,2023,0,0,1
300465683,2023,0,0,0
300465684,2023,0,0,0
300465689,2023,0,0,1
300465690,2023,0,0,0
300470396,2023,0,0,1
300470398,2023,0,0,0
300470403,2023,0,0,0
300473226,2023,0,0,1
300473231,2023,0,0,0
300473235,2023,0,0,0
300473238,2023,0,0,0
300473241,2023,0,0,1
300477113,2023,0,0,1
300477115,2023,0,0,0
300477128,2023,0,0,0
300477129,2023,0,0,0
300481377,2023,0,0,1
300481382,2023,0,0,0
300481389,2023,0,0,0
300481391,2023,0,0,0
300484921,2023,0,0,0
300484925,2023,0,0,0
300484930,2023,0,0,0
300488880,2023,0,0,1
300488883,2023,0,1,1
300488887,2023,0,0,0
300488890,2023,0,0,1
300488898,2023,0,0,0
300492676,2023,0,0,0
300492677,2023,0,0,1
300492683,2023,0,0,1
300492690,2023,0,0,1
300495407,2023,0,0,0
300499306,2023,0,0,1
300499310,2023,0,0,1
300499311,2023,0,0,0
300499312,2023,0,0,0
300499321,2023,0,0,1
300503441,2023,0,0,0
300503445,2023,0,0,0
300503447,2023,0,0,0
300503456,2023,0,0,0
300507292,2023,0,0,0
300507301,2023,0,0,0
300507307,2023,0,0,0
300509775,2023,0,0,1
300509787,2023,0,0,1
300509789,2023,0,0,0
300512058,2023,0,0,0
300512061,2023,0,0,1
300512067,2023,0,0,0
300512074,2023,0,0,0
